Keyword,Position,Previous position,Search Volume,Keyword Difficulty,CPC,URL,Traffic,Traffic (%),Traffic Cost,Competition,Number of Results,Trends,Timestamp,SERP Features by Keyword,Keyword Intents,Position Type,关键词分类
chatgpt注册,3,3,880,34,0.0,https://chatgptzh.github.io/how-to-register-a-chatgpt-account-in-china/,72,20.45,0.0,0.0,15300000,"[2,2,0,2,0,3,1,1,1,23,19,29]",2025-08-09,"Image pack, Video, Related searches",transactional,Organic,1.注册相关
chatgpt 注册,4,4,110,21,0.51,https://chatgptzh.github.io/how-to-register-a-chatgpt-account-in-china/,7,1.98,3.0,0.08,15700000,"[1,0,2,2,2,0,1,0,0,0,0,0]",2025-08-08,"Image pack, Video, Related searches",transactional,Organic,1.注册相关
注册chatgpt,2,2,50,14,0.0,https://chatgptzh.github.io/how-to-register-a-chatgpt-account-in-china/,6,1.7,0.0,0.0,11500000,"[5,4,3,3,3,4,4,2,1,1,0,0]",2025-07-15,"Reviews, Video, Related searches",navigational,Organic,1.注册相关
chatgpt 怎么 注册,2,2,50,3,0.0,https://chatgptzh.github.io/how-to-register-a-chatgpt-account-in-china/,6,1.7,0.0,0.0,14000000,"[11,11,64,11,11,100,11,11,64,52,11,11]",2025-07-23,"Sitelinks, Video, Ads bottom, Related searches","informational, transactional",Organic,1.注册相关
怎么 注册 chatgpt,2,2,40,8,0.0,https://chatgptzh.github.io/how-to-register-a-chatgpt-account-in-china/,5,1.42,0.0,0.1,178000000,"[11,11,23,11,11,64,100,11,11,23,11,11]",2025-07-29,"Image pack, Sitelinks, Video, Related searches","informational, transactional",Organic,1.注册相关
如何注册chatgpt,2,2,40,4,0.0,https://chatgptzh.github.io/how-to-register-a-chatgpt-account-in-china/,5,1.42,0.0,0.0,14000000,"[3,2,2,2,2,2,2,2,1,1,0,1]",2025-08-07,"Video, Related searches","informational, transactional",Organic,1.注册相关
中国 注册 chatgpt,4,4,70,16,0.0,https://chatgptzh.github.io/how-to-register-a-chatgpt-account-in-china/,4,1.13,0.0,0.0,10300000,"[11,52,11,11,41,100,0,100,52,41,11,0]",2025-07-20,"Image pack, Sitelinks, Video, Related searches","commercial, informational",Organic,1.注册相关
中国 如何 注册 chatgpt,6,6,50,25,0.0,https://chatgptzh.github.io/how-to-register-a-chatgpt-account-in-china/,1,0.28,0.0,0.0,8310000,"[14,100,64,78,50,28,14,14,50,14,14,14]",2025-07-25,"Image pack, Sitelinks, Video, Related searches","commercial, informational",Organic,1.注册相关
如何 开通 chatgpt plus,8,8,50,17,0.0,https://chatgptzh.github.io/chatgpt-plus/,1,0.28,0.0,0.0,990000,"[11,11,64,100,11,41,11,11,11,23,11,11]",2025-07-25,"Image pack, Sitelinks, Video, Related searches","informational, transactional",Organic,1.注册相关
chatgpt 注册 不 需要 手机 号 了,10,10,40,8,0.0,https://chatgptzh.github.io/how-to-register-a-chatgpt-account-in-china/,0,0.0,0.0,0.0,90,"[100,14,14,64,64,14,14,14,28,50,14,0]",2025-07-23,"Image pack, Sitelinks, Video, Featured snippet, Related searches",informational,Organic,1.注册相关
chatgpt 注册 不了,13,13,50,0,0.0,https://chatgptzh.github.io/how-to-register-a-chatgpt-account-in-china/,0,0.0,0.0,0.0,92,"[14,14,14,14,100,14,100,14,100,14,14,14]",2025-07-24,"Image pack, Video, Related searches",commercial,Organic,1.注册相关
chatgpt登录的继续按钮点不了,1,1,170,11,0.0,https://chatgptzh.github.io/continue-no-response/,42,11.93,0.0,0.0,46,"[100,0,0,0,0,0,0,0,0,0,0,0]",2025-07-26,"Video, Related searches",informational,Organic,2.登录使用
chatgpt登录的继续按钮点不了,3,3,170,11,0.0,https://chatgptzh.github.io/cannot-continue-after-entering-username-and-password/,13,3.69,0.0,0.0,46,"[100,0,0,0,0,0,0,0,0,0,0,0]",2025-07-26,"Video, Related searches",informational,Organic,2.登录使用
solidtorrent.to 网站打不开,8,8,170,16,0.0,https://chatgptzh.github.io/unable-to-load-site/,4,1.13,0.0,0.0,34,"[100,0,0,0,0,0,0,0,0,0,0,0]",2025-07-27,,informational,Organic,2.登录使用
chatgpt打不开,14,14,320,14,0.0,https://chatgptzh.github.io/issues-when-using-chatpgt-in-china/,2,0.56,0.0,0.0,94,"[5,2,3,0,3,7,3,2,3,0,0,100]",2025-08-10,"Image pack, Video, Related searches","commercial, informational",Organic,2.登录使用
chatgpt突然进不去,17,17,590,20,0.0,https://chatgptzh.github.io/issues-when-using-chatpgt-in-china/,2,0.56,0.0,0.0,2270000,"[0,0,100]",2025-07-31,"Video, People also ask, Related searches",informational,Organic,2.登录使用
chatgpt用不了,6,6,50,15,0.0,https://chatgptzh.github.io/issues-when-using-chatpgt-in-china/,1,0.28,0.0,0.0,100,"[28,15,21,21,15,15,21,12,12,6,6,3]",2025-07-18,"Image pack, Reviews, Video, People also ask, Related searches","commercial, informational",Organic,2.登录使用
用不了chatgpt,7,7,40,11,0.0,https://chatgptzh.github.io/issues-when-using-chatpgt-in-china/,1,0.28,0.0,0.0,6120000,"[11,11,11,11,100,100,11,11,11,11,0,0]",2025-08-07,"Image pack, Video, Related searches","commercial, informational",Organic,2.登录使用
https://solidtorrent.to 网站打不开,13,13,170,17,0.0,https://chatgptzh.github.io/unable-to-load-site/,1,0.28,0.0,0.0,27,"[100,0,0,0,0,0,0,0,0,0,0,0]",2025-07-27,,informational,Organic,2.登录使用
gpt 无法 使用,16,16,40,9,0.0,https://chatgptzh.github.io/issues-when-using-chatpgt-in-china/,0,0.0,0.0,0.0,8760000,"[14,14,100,14,14,14,64,14,14,14,14,14]",2025-07-27,"Video, People also ask, Related searches","commercial, informational",Organic,2.登录使用
chatgpt打不开,24,24,320,14,0.0,https://chatgptzh.github.io/this-site-cant-be-reached/,0,0.0,0.0,0.0,94,"[5,2,3,0,3,7,3,2,3,0,0,100]",2025-08-10,"Image pack, Video, Related searches","commercial, informational",Organic,2.登录使用
chatgpt 登录 不 进,25,25,40,9,0.0,https://chatgptzh.github.io/issues-when-using-chatpgt-in-china/,0,0.0,0.0,0.0,8600000,"[11,11,23,11,11,23,11,11,11,100,11,11]",2025-07-27,"Video, Related searches",informational,Organic,2.登录使用
chatgpt 登录 不 进,55,55,40,9,0.0,https://chatgptzh.github.io/continue-no-response/,0,0.0,0.0,0.0,8600000,"[11,11,23,11,11,23,11,11,11,100,11,11]",2025-07-27,"Video, Related searches",informational,Organic,2.登录使用
chatgpt无法登录,31,31,140,22,0.0,https://chatgptzh.github.io/issues-when-using-chatpgt-in-china/,0,0.0,0.0,0.0,100,"[53,28,35,100,53,35,43,12,35,12,12,17]",2025-07-29,"Image pack, Sitelinks, Video, People also ask, Related searches","commercial, informational",Organic,2.登录使用
chatgpt 不能用vpn 2024,25,25,210,0,0.0,https://chatgptzh.github.io/issues-when-using-chatpgt-in-china/,0,0.0,0.0,0.0,493000,"[100,0,0,0,0,0,0,0,0,0,0,0]",2025-08-07,"Video, Related searches","commercial, informational",Organic,2.登录使用
ios chatgpt 无法 登录,21,21,40,0,0.0,https://chatgptzh.github.io/issues-when-using-chatpgt-in-china/,0,0.0,0.0,0.0,81,"[18,18,100,18,18,18,18,81,81,18,18,18]",2025-07-30,"Video, Related searches",informational,Organic,2.登录使用
ios chatgpt 无法 登录,31,31,40,0,0.0,https://chatgptzh.github.io/continue-no-response/,0,0.0,0.0,0.0,81,"[18,18,100,18,18,18,18,81,81,18,18,18]",2025-07-30,"Video, Related searches",informational,Organic,2.登录使用
chatgpt 打不开,14,14,70,11,0.0,https://chatgptzh.github.io/issues-when-using-chatpgt-in-china/,0,0.0,0.0,0.0,95,"[0,0,11,0,28,15,11,15,11,23,3,1]",2025-07-15,"Image pack, Video, Related searches","commercial, informational",Organic,2.登录使用
chatgpt 打不开,25,25,70,11,0.0,https://chatgptzh.github.io/this-site-cant-be-reached/,0,0.0,0.0,0.0,95,"[0,0,11,0,28,15,11,15,11,23,3,1]",2025-07-15,"Image pack, Video, Related searches","commercial, informational",Organic,2.登录使用
chatgpt的登录验证,69,69,170,13,0.0,https://chatgptzh.github.io/how-to-register-a-chatgpt-account-in-china/,0,0.0,0.0,0.0,5200000,"[100,0,0,0,0,0,0,0,0,0,0,0]",2025-08-15,"Video, Related searches",informational,Organic,2.登录使用
gtp 登陆按钮点不了,46,46,210,12,0.0,https://chatgptzh.github.io/continue-no-response/,0,0.0,0.0,0.0,48,"[100,0,0,0,0,0,0,0,0,0,0,0]",2025-08-07,"Video, Related searches","commercial, informational",Organic,2.登录使用
chatgpt突然进不去,91,91,590,20,0.0,https://chatgptzh.github.io/this-site-cant-be-reached/,0,0.0,0.0,0.0,2270000,"[0,0,100]",2025-07-31,"Video, People also ask, Related searches",informational,Organic,2.登录使用
中国 不能 用 chatgpt,93,93,40,28,0.0,https://chatgptzh.github.io/,0,0.0,0.0,0.0,11400000,"[64,14,0,28,28,0,14,28,14,100,14,14]",2025-07-29,"Image pack, Sitelinks, Video, Featured snippet, Related searches",informational,Organic,2.登录使用
openai登陆不了,35,35,260,19,0.0,https://chatgptzh.github.io/continue-no-response/,0,0.0,0.0,0.0,606000,"[100,0,0,0,0,0,0,0,0,0,0,0]",2025-07-18,"Image pack, Video, Related searches",informational,Organic,2.登录使用
openai登陆不了,65,65,260,19,0.0,https://chatgptzh.github.io/issues-when-using-chatpgt-in-china/,0,0.0,0.0,0.0,606000,"[100,0,0,0,0,0,0,0,0,0,0,0]",2025-07-18,"Image pack, Video, Related searches",informational,Organic,2.登录使用
chatgpt登陆,61,61,70,100,0.0,https://chatgptzh.github.io/continue-no-response/,0,0.0,0.0,0.0,257000000,"[8,0,0,0,81,5,15,11,8,0,0,1]",2025-07-23,"Image pack, Reviews, Video, Related searches",commercial,Organic,2.登录使用
无法 使用 chatgpt,8,8,40,13,0.0,https://chatgptzh.github.io/issues-when-using-chatpgt-in-china/,0,0.0,0.0,0.0,15500000,"[11,100,11,11,11,23,11,11,11,52,11,11]",2025-07-29,"Video, People also ask, Related searches","commercial, informational",Organic,2.登录使用
无法 使用 chatgpt,34,34,40,13,0.0,https://chatgptzh.github.io/,0,0.0,0.0,0.0,15500000,"[11,100,11,11,11,23,11,11,11,52,11,11]",2025-07-29,"Video, People also ask, Related searches","commercial, informational",Organic,2.登录使用
chatgpt 无法使用,18,18,40,14,0.0,https://chatgptzh.github.io/issues-when-using-chatpgt-in-china/,0,0.0,0.0,0.0,11500000,"[53,19,19,19,7,15,42,15,15,0,0,3]",2025-07-23,"Reviews, Video, Related searches","commercial, informational",Organic,2.登录使用
今天chatgpt不能用吗,22,22,170,17,0.0,https://chatgptzh.github.io/issues-when-using-chatpgt-in-china/,0,0.0,0.0,0.0,80,"[100,0,1,1,1,1,1,0,1,1,0,0]",2025-07-28,"Video, People also ask, Related searches","commercial, informational",Organic,2.登录使用
今天chatgpt不能用吗,30,30,170,17,0.0,https://chatgptzh.github.io/if-you-are-using-a-vpn-try-turning-it-off/,0,0.0,0.0,0.0,80,"[100,0,1,1,1,1,1,0,1,1,0,0]",2025-07-28,"Video, People also ask, Related searches","commercial, informational",Organic,2.登录使用
chatgpt登录不了,23,23,70,14,0.0,https://chatgptzh.github.io/continue-no-response/,0,0.0,0.0,0.0,82,"[43,0,12,53,53,6,100,0,6,15,12,6]",2025-07-27,"Video, Related searches","commercial, informational",Organic,2.登录使用
chatgpt登录不了,28,28,70,14,0.0,https://chatgptzh.github.io/issues-when-using-chatpgt-in-china/,0,0.0,0.0,0.0,82,"[43,0,12,53,53,6,100,0,6,15,12,6]",2025-07-27,"Video, Related searches","commercial, informational",Organic,2.登录使用
chatgpt 访问 不了 了,19,19,40,0,0.0,https://chatgptzh.github.io/issues-when-using-chatpgt-in-china/,0,0.0,0.0,0.0,990000,"[100,11,11,11,11,41,23,11,11,11,11,11]",2025-07-27,"Image pack, Video, Related searches","commercial, informational",Organic,2.登录使用
chatgpt 访问 不了 了,47,47,40,0,0.0,https://chatgptzh.github.io/this-site-cant-be-reached/,0,0.0,0.0,0.0,990000,"[100,11,11,11,11,41,23,11,11,11,11,11]",2025-07-27,"Image pack, Video, Related searches","commercial, informational",Image pack,2.登录使用
chatgpt 无法登陆,20,20,40,16,0.0,https://chatgptzh.github.io/issues-when-using-chatpgt-in-china/,0,0.0,0.0,0.0,90,"[63,45,27,45,81,18,100,18,18,18,0,0]",2025-07-20,"Video, Related searches","commercial, informational",Organic,2.登录使用
chatgpt无法访问,22,22,260,3,0.0,https://chatgptzh.github.io/this-site-cant-be-reached/,0,0.0,0.0,0.0,100,"[0,0,0,0,0,0,2,8,0,2,0,100]",2025-07-25,"Image pack, Video, Related searches","commercial, informational",Organic,2.登录使用
chatgpt无法访问,89,89,260,3,0.0,https://chatgptzh.github.io/this-site-cant-be-reached/,0,0.0,0.0,0.0,100,"[0,0,0,0,0,0,2,8,0,2,0,100]",2025-07-25,"Image pack, Video, Related searches","commercial, informational",Image pack,2.登录使用
chatgpt api不能在中国使用,86,86,170,2,0.0,https://chatgptzh.github.io/,0,0.0,0.0,0.0,5040000,"[100,0,0,0,0,0,0,0,0,0,0,0]",2025-07-26,"Image pack, Video, Video Carousel, Related searches",informational,Organic,2.登录使用
chatgpt 无法访问,20,20,50,12,0.0,https://chatgptzh.github.io/this-site-cant-be-reached/,0,0.0,0.0,0.0,95,"[14,2,0,4,0,0,11,0,0,5,5,14]",2025-08-08,"Image pack, Video, Related searches","commercial, informational",Organic,2.登录使用
chatgpt 无法访问,91,91,50,12,0.0,https://chatgptzh.github.io/this-site-cant-be-reached/,0,0.0,0.0,0.0,95,"[14,2,0,4,0,0,11,0,0,5,5,14]",2025-08-08,"Image pack, Video, Related searches","commercial, informational",Image pack,2.登录使用
用不了chatgpt,27,27,40,11,0.0,https://chatgptzh.github.io/if-you-are-using-a-vpn-try-turning-it-off/,0,0.0,0.0,0.0,6120000,"[11,11,11,11,100,100,11,11,11,11,0,0]",2025-08-07,"Image pack, Video, Related searches","commercial, informational",Organic,2.登录使用
google可以打开 chatgpt打不开,32,32,260,3,0.0,https://chatgptzh.github.io/issues-when-using-chatpgt-in-china/,0,0.0,0.0,0.0,2320000,"[100,0,0,0,0,0,0,0,0,0,0]",2025-07-18,"Video, Related searches",informational,Organic,2.登录使用
chatgpt app 不能 用,23,23,40,17,0.0,https://chatgptzh.github.io/if-you-are-using-a-vpn-try-turning-it-off/,0,0.0,0.0,0.0,16500000,"[18,81,18,36,100,18,18,81,18,18,18,18]",2025-07-23,"Sitelinks, Reviews, Video, Related searches","commercial, informational",Organic,2.登录使用
chatgpt app 不能 用,32,32,40,17,0.0,https://chatgptzh.github.io/issues-when-using-chatpgt-in-china/,0,0.0,0.0,0.0,16500000,"[18,81,18,36,100,18,18,81,18,18,18,18]",2025-07-23,"Sitelinks, Reviews, Video, Related searches","commercial, informational",Organic,2.登录使用
chatgpt 不能 用,32,32,50,17,0.0,https://chatgptzh.github.io/issues-when-using-chatpgt-in-china/,0,0.0,0.0,0.0,16500000,"[7,7,34,7,7,7,100,7,34,7,7,7]",2025-07-23,"Image pack, Sitelinks, Reviews, Video, People also ask, Related searches","commercial, informational",Organic,2.登录使用
chatgpt 不能 用,63,63,50,17,0.0,https://chatgptzh.github.io/if-you-are-using-a-vpn-try-turning-it-off/,0,0.0,0.0,0.0,16500000,"[7,7,34,7,7,7,100,7,34,7,7,7]",2025-07-23,"Image pack, Sitelinks, Reviews, Video, People also ask, Related searches","commercial, informational",Organic,2.登录使用
chatgpt 无法登录,27,27,70,14,0.0,https://chatgptzh.github.io/issues-when-using-chatpgt-in-china/,0,0.0,0.0,0.0,100,"[28,34,43,34,21,28,12,15,12,0,0,0]",2025-08-12,"Image pack, Sitelinks, Video, Related searches","commercial, informational",Organic,2.登录使用
您所在地区无法使用openchat,47,47,170,20,0.0,https://chatgptzh.github.io/issues-when-using-chatpgt-in-china/,0,0.0,0.0,0.0,58,"[100,0,0,0,0,0,0,0,0,0,0,0]",2025-07-29,"Image pack, Video, Related searches","commercial, informational",Organic,2.登录使用
chatgpt 登录不了,24,24,50,11,0.0,https://chatgptzh.github.io/issues-when-using-chatpgt-in-china/,0,0.0,0.0,0.0,85,"[64,35,35,64,50,35,78,35,21,21,0,0]",2025-07-29,"Video, Related searches","commercial, informational",Organic,2.登录使用
如何 登录 chatgpt,46,46,40,30,0.0,https://chatgptzh.github.io/how-to-register-a-chatgpt-account-in-china/,0,0.0,0.0,0.07,13500000,"[23,11,11,11,11,23,11,11,11,100,11,11]",2025-07-25,"Video, Related searches",commercial,Organic,2.登录使用
chatgpt下载到手机,5,5,210,40,0.42,https://chatgptzh.github.io/app/,9,2.55,3.0,0.04,9380000,"[29,29,35,54,66,100,66,54,35,43,43,35]",2025-08-11,"Video, Featured snippet, Related searches",transactional,Organic,3.下载安装
怎么 下载 chatgpt app,4,4,50,48,0.0,https://chatgptzh.github.io/app/,3,0.85,0.0,0.0,29600000,"[100,11,11,11,100,82,41,11,11,11,11,0]",2025-07-20,"Sitelinks, Reviews, Video, People also ask, Related searches",transactional,Organic,3.下载安装
chatgpt下载,49,65,5400,59,0.0,https://chatgptzh.github.io/app/,1,0.28,0.0,0.0,36600000,"[8,24,19,24,44,54,100,44,24,0,0,29]",2025-08-17,"Video, Related searches","commercial, informational",Organic,3.下载安装
chatgpt app 打 不 开,9,9,50,10,0.0,https://chatgptzh.github.io/issues-when-using-chatpgt-in-china/,1,0.28,0.0,0.0,98,"[100,9,9,42,19,19,42,9,42,9,9,9]",2025-07-18,"Video, Related searches","commercial, informational",Organic,3.下载安装
chatgpt安卓安装包,41,41,40,24,0.0,https://chatgptzh.github.io/app/,0,0.0,0.0,0.0,99,"[7,7,3,19,26,53,0,0,7,11,26,11]",2025-08-15,"Sitelinks, Video, Related searches","commercial, informational",Organic,3.下载安装
chatgpt android 下載,49,49,40,45,0.0,https://chatgptzh.github.io/app/,0,0.0,0.0,0.01,3300000,"[11,23,23,11,11,11,11,100,11,11,11,11]",2025-07-27,"Video, People also ask, Related searches",informational,Organic,3.下载安装
iphone 安装 chatgpt,36,36,40,19,0.0,https://chatgptzh.github.io/app/,0,0.0,0.0,0.0,0,"[81,36,18,36,18,18,18,18,36,100,18,18]",2025-07-29,"Video, Related searches","commercial, informational",Organic,3.下载安装
chatgpt 安装 包,37,36,90,43,0.0,https://chatgptzh.github.io/app/,0,0.0,0.0,0.0,90,"[29,29,29,41,64,100,64,64,41,41,41,64]",2025-08-16,"Video, Related searches",transactional,Organic,3.下载安装
chatgpt apk 安装 包,39,39,70,37,0.0,https://chatgptzh.github.io/app/,0,0.0,0.0,0.0,66,"[100,36,36,36,63,81,63,63,81,27,45,27]",2025-07-18,"Sitelinks, Reviews, Related searches",transactional,Organic,3.下载安装
chagpt客户端,65,65,170,48,0.0,https://chatgptzh.github.io/app/,0,0.0,0.0,0.0,6430000,"[100,0,0,0,0,0,0,0,0,0,0,0]",2025-08-16,"Video, Related searches",informational,Organic,3.下载安装
国内安卓手机用chatgpt,51,51,170,20,0.0,https://chatgptzh.github.io/app/,0,0.0,0.0,0.0,6060000,"[100,0,0,0,0,0,0,0,0,0,0,0]",2025-07-28,"Video, Related searches","commercial, informational",Organic,3.下载安装
chatgpt ios 下载,36,36,40,20,0.0,https://chatgptzh.github.io/app/,0,0.0,0.0,0.07,7080000,"[50,14,50,14,14,100,14,28,14,14,14,14]",2025-07-27,"Video, Related searches","commercial, informational",Organic,3.下载安装
chatgpt ios 安装 包,13,13,70,20,0.0,https://chatgptzh.github.io/app/,0,0.0,0.0,0.02,78,"[1,1,13,1,16,16,1,1,1,1,1,1]",2025-08-08,"Video, Related searches",informational,Organic,3.下载安装
chatgpt中文官网下载,60,60,50,37,0.0,https://chatgptzh.github.io/app/,0,0.0,0.0,0.04,2360000,"[18,8,0,10,8,14,0,22,10,10,10,14]",2025-08-14,"Video, Related searches",transactional,Organic,3.下载安装
chatgpt app一直转圈,24,24,40,12,0.0,https://chatgptzh.github.io/issues-when-using-chatpgt-in-china/,0,0.0,0.0,0.0,42,"[52,100,9,9,9,9,9,9,9,9,0,0]",2025-08-05,"Video, Related searches","commercial, informational",Organic,3.下载安装
chatgpt下载安卓,41,41,210,42,0.0,https://chatgptzh.github.io/app/,0,0.0,0.0,0.0,4890000,"[23,29,54,54,44,100,23,12,9,19,4,1]",2025-08-12,"Video, Related searches",transactional,Organic,3.下载安装
chatgpt app下载,56,56,260,44,0.0,https://chatgptzh.github.io/app/,0,0.0,0.0,0.0,28200000,"[2,3,0,4,100,5,3,8,2,0,0,0]",2025-08-15,"Video, Related searches",informational,Organic,3.下载安装
下载 chatgpt 中文 版,36,36,40,39,0.63,https://chatgptzh.github.io/app/,0,0.0,0.0,0.29,8780000,"[0,0,14,50,28,28,14,14,100,28,14,14]",2025-07-26,"Video, People also ask, Related searches",informational,Organic,3.下载安装
gpt 安装 包,34,34,40,34,0.0,https://chatgptzh.github.io/app/,0,0.0,0.0,0.0,78,"[36,18,81,81,18,18,18,100,18,18,18,18]",2025-07-27,"Reviews, Video, Related searches",transactional,Organic,3.下载安装
怎样 下载 chatgpt,25,25,50,37,0.0,https://chatgptzh.github.io/app/,0,0.0,0.0,0.43,235000000,"[100,28,78,50,14,14,14,100,50,14,14,14]",2025-07-25,"Video, Featured snippet, People also ask, Related searches",informational,Organic,3.下载安装
chatgpt app 中文 版,25,25,30,40,0.43,https://chatgptzh.github.io/app/,0,0.0,0.0,0.1,78700000,"[22,100,22,22,44,77,22,22,22,22,22,0]",2025-07-20,"Sitelinks, Reviews, Video, Related searches",transactional,Organic,3.下载安装
chatgpt app中文版,53,53,30,40,0.43,https://chatgptzh.github.io/app/,0,0.0,0.0,0.1,76500000,"[18,18,18,18,100,18,18,18,18,27,9,18]",2025-07-28,"Sitelinks, Video, People also ask, Related searches",informational,Organic,3.下载安装
chatgpt安装包,38,38,70,47,0.0,https://chatgptzh.github.io/app/,0,0.0,0.0,0.0,93,"[53,19,0,19,19,11,65,42,42,42,0,0]",2025-07-25,"Video, Related searches","commercial, informational",Organic,3.下载安装
chatgpt客户端,43,43,1000,62,0.0,https://chatgptzh.github.io/app/,0,0.0,0.0,0.0,7370000,"[4,3,3,3,7,10,3,3,3,65,65,100]",2025-08-08,"Video, People also ask, Related searches",informational,People also ask,3.下载安装
chatgpt客户端,66,66,1000,62,0.0,https://chatgptzh.github.io/app/,0,0.0,0.0,0.0,7370000,"[4,3,3,3,7,10,3,3,3,65,65,100]",2025-08-08,"Video, People also ask, Related searches",informational,Organic,3.下载安装
chatgpt 下载,54,54,1600,78,0.52,https://chatgptzh.github.io/app/,0,0.0,0.0,0.07,315000000,"[3,5,15,4,19,100,3,36,13,24,66,36]",2025-08-11,"Sitelinks, Video, Related searches","commercial, informational",Organic,3.下载安装
chatgpt ios安装包,12,12,70,12,0.0,https://chatgptzh.github.io/app/,0,0.0,0.0,0.0,89,"[81,4,4,4,4,35,22,4,4,4,0,2]",2025-07-29,"Video, Related searches",informational,Organic,3.下载安装
chatgpt apk安装包,45,45,260,43,0.0,https://chatgptzh.github.io/app/,0,0.0,0.0,0.0,67,"[8,2,4,3,5,7,3,5,8,3,100,0]",2025-08-04,"Video, People also ask, Related searches","commercial, informational",Organic,3.下载安装
chatgpt 客户端,62,62,390,55,0.0,https://chatgptzh.github.io/app/,0,0.0,0.0,0.0,6280000,"[11,5,4,4,4,13,8,5,2,3,0,100]",2025-07-23,"Video, Related searches",informational,Organic,3.下载安装
chatgpt 官网 下载,98,98,70,74,0.55,https://chatgptzh.github.io/app/,0,0.0,0.0,0.03,6760000,"[27,27,45,36,63,63,81,81,100,63,100,0]",2025-07-17,"Sitelinks, Reviews, Video, Related searches",transactional,Organic,3.下载安装
chatgpt下载ios,81,81,70,38,0.0,https://chatgptzh.github.io/app/,0,0.0,0.0,0.03,8100000,"[1,1,1,6,6,6,6,6,6,1,0,5]",2025-07-15,"Video, Related searches",transactional,Organic,3.下载安装
chatgpt官网下载,91,91,390,78,0.55,https://chatgptzh.github.io/app/,0,0.0,0.0,0.03,6760000,"[3,0,5,3,3,5,3,3,8,4,5,100]",2025-08-04,"Reviews, Video, Related searches",transactional,Organic,3.下载安装
chatgpt 安卓,61,61,170,41,0.0,https://chatgptzh.github.io/app/,0,0.0,0.0,0.0,5050000,"[0,0,0,0,0,0,0,0,0,0,100,0]",2025-08-06,"Sitelinks, Video, Related searches",informational,Organic,3.下载安装
chatgpt ios 安装 包 下载,24,24,40,29,0.0,https://chatgptzh.github.io/app/,0,0.0,0.0,0.0,73,"[0,0,18,63,36,100,18,18,18,100,18,18]",2025-07-16,"Reviews, Video, Related searches",transactional,Organic,3.下载安装
chatgpt api购买,1,1,110,41,0.0,https://chatgptzh.github.io/api-key/,27,7.67,0.0,0.0,94,"[18,18,15,5,100,5,15,6,11,18,0,1]",2025-07-16,"Image pack, Video, Ads bottom, Related searches","commercial, informational",Organic,4.API服务
openai api购买,1,2,50,27,0.0,https://chatgptzh.github.io/api-key/,12,3.4,0.0,0.0,1400000,"[15,0,8,5,11,3,3,0,3,3,35,0]",2025-08-16,"Sitelinks, Video, Related searches",informational,Organic,4.API服务
openai api key购买,2,2,390,55,0.0,https://chatgptzh.github.io/api-key/,10,2.84,0.0,0.0,84,"[3,3,8,3,5,3,4,2,4,3,0,100]",2025-07-28,"Image pack, Sitelinks, Video, Related searches",informational,Organic,4.API服务
chatgpt api 购买,1,1,40,54,0.0,https://chatgptzh.github.io/api-key/,9,2.55,0.0,0.04,2200000,"[9,3,9,34,6,15,15,6,12,15,21,15]",2025-08-07,"Image pack, Sitelinks, Video, Related searches","commercial, informational",Organic,4.API服务
gpt api 购买,2,2,40,39,0.0,https://chatgptzh.github.io/api-key/,5,1.42,0.0,0.01,100,"[44,22,100,44,55,22,77,44,100,22,22,22]",2025-07-24,"Image pack, Sitelinks, Video, Related searches",informational,Organic,4.API服务
openai api 代充,7,7,170,0,0.0,https://chatgptzh.github.io/api-key/,5,1.42,0.0,0.0,85,"[1,1,1,1,1,1,0,1,1,100,0,0]",2025-08-10,"Image pack, Video, Related searches","commercial, informational",Organic,4.API服务
chatgpt api 付费,3,3,170,29,0.0,https://chatgptzh.github.io/api-key/,3,0.85,0.0,0.0,1030000,"[0,100,0,0,0,0,0,0,0,0,0,0]",2025-08-06,"Image pack, Sitelinks, Video, Related searches",informational,Organic,4.API服务
gpt4 api价格最新,12,12,210,30,0.0,https://chatgptzh.github.io/api-key/,2,0.56,0.0,0.0,497000,"[100,0,0,0,0,0,0,0,0,0,0]",2025-07-27,"Image pack, Sitelinks, Featured snippet, Related searches",informational,Organic,4.API服务
openai api key 购买,2,2,40,46,0.0,https://chatgptzh.github.io/api-key/,1,0.28,0.0,0.03,86,"[11,100,55,77,77,11,0,77,22,55,55,22]",2025-08-09,"Image pack, Sitelinks, Video, Related searches",informational,Organic,4.API服务
gpt4 api key 购买,7,7,50,3,0.0,https://chatgptzh.github.io/api-key/,1,0.28,0.0,0.1,73,"[14,14,14,14,14,14,100,100,64,14,14,14]",2025-07-23,"Image pack, Related searches","commercial, informational",Organic,4.API服务
chatgpt api 免費 額度,5,5,40,5,0.0,https://chatgptzh.github.io/no-credit-grants-found/,1,0.28,0.0,0.0,71,"[100,14,14,14,14,0,0,100,14,14,14,14]",2025-07-27,"Image pack, Reviews, Video, Related searches",informational,Organic,4.API服务
openai api有免费接口吗,43,43,170,11,0.0,https://chatgptzh.github.io/api-key/,0,0.0,0.0,0.0,84,"[100,0,0,0,0,0,0,0,0,0,0,0]",2025-07-27,"Image pack, Video, People also ask, Related searches",informational,Organic,4.API服务
openai 免费 api,46,46,40,25,0.0,https://chatgptzh.github.io/no-credit-grants-found/,0,0.0,0.0,0.0,6480000,"[14,78,14,50,14,14,28,50,14,14,14,14]",2025-07-24,"Video, Related searches",informational,Organic,4.API服务
国内如何使用chatgpt api,24,24,90,6,0.0,https://chatgptzh.github.io/api-key/,0,0.0,0.0,0.0,75,"[17,100,17,17,17,17,35,17,17,0,0,0]",2025-08-15,"Video, Related searches","commercial, informational",Organic,4.API服务
chatgpt api 怎么 获取,19,33,70,21,0.0,https://chatgptzh.github.io/api-key/,0,0.0,0.0,0.06,4860000,"[8,4,14,14,4,18,4,100,14,4,4,4]",2025-08-16,"Video, Related searches","commercial, informational",Organic,4.API服务
chatgpt 接口 调用,50,50,40,22,0.0,https://chatgptzh.github.io/api-key/,0,0.0,0.0,0.0,92,"[18,18,81,18,18,100,18,18,18,63,18,18]",2025-07-27,"Image pack, Sitelinks, Video, People also ask, Related searches","commercial, informational",Organic,4.API服务
openai api key 购买,86,86,40,46,0.0,https://chatgptzh.github.io/api-key/,0,0.0,0.0,0.03,86,"[11,100,55,77,77,11,0,77,22,55,55,22]",2025-08-09,"Image pack, Sitelinks, Video, Related searches",informational,Image pack,4.API服务
gpt api key怎么获取,20,20,40,66,0.0,https://chatgptzh.github.io/api-key/,0,0.0,0.0,0.0,80,"[11,11,52,100,23,11,11,11,11,5,5,5]",2025-08-08,"Image pack, Video, Related searches",informational,Organic,4.API服务
chatgpt api价格,23,23,210,28,0.0,https://chatgptzh.github.io/api-key/,0,0.0,0.0,0.0,2240000,"[1,1,1,1,1,1,1,1,13,1,100,0]",2025-07-27,"Sitelinks, Related searches",informational,Organic,4.API服务
gpt api 购买,99,99,40,39,0.0,https://chatgptzh.github.io/api-key/,0,0.0,0.0,0.01,100,"[44,22,100,44,55,22,77,44,100,22,22,22]",2025-07-24,"Image pack, Sitelinks, Video, Related searches",informational,Image pack,4.API服务
chatgpt api怎么获取,34,34,260,22,0.0,https://chatgptzh.github.io/api-key/,0,0.0,0.0,0.0,5810000,"[0,0,0,0,1,0,0,0,11,0,100,0]",2025-07-23,"Video, Related searches","commercial, informational",Organic,4.API服务
openai api key购买,84,84,390,55,0.0,https://chatgptzh.github.io/api-key/,0,0.0,0.0,0.0,84,"[3,3,8,3,5,3,4,2,4,3,0,100]",2025-07-28,"Image pack, Sitelinks, Video, Related searches",informational,Image pack,4.API服务
现在gpt4 api价格,31,0,170,23,0.0,https://chatgptzh.github.io/api-key/,0,0.0,0.0,0.0,95,"[100,0,0,0,0,0,0,0,0,0,0,0]",2025-08-16,"Image pack, Sitelinks, Video, Featured snippet, Related searches",informational,Organic,4.API服务
chatgpt api 费用,23,23,50,35,0.0,https://chatgptzh.github.io/api-key/,0,0.0,0.0,0.0,6770000,"[11,23,11,11,82,11,11,23,100,64,11,11]",2025-07-23,"Sitelinks, Reviews, Related searches",informational,Organic,4.API服务
chatgpt 的 api key 怎么 获取,21,21,40,37,0.0,https://chatgptzh.github.io/api-key/,0,0.0,0.0,0.0,0,"[22,22,22,77,22,100,44,22,44,77,22,22]",2025-07-27,"Image pack, Video, Related searches","commercial, informational",Organic,4.API服务
chatgpt api key 共享,15,15,40,10,0.0,https://chatgptzh.github.io/api-key/,0,0.0,0.0,0.0,66,"[18,18,100,100,18,18,18,18,18,18,18,18]",2025-08-10,"Image pack, Related searches",informational,Organic,4.API服务
openai api 代充,23,23,170,0,0.0,https://chatgptzh.github.io/openai-api-recharge/,0,0.0,0.0,0.0,85,"[1,1,1,1,1,1,0,1,1,100,0,0]",2025-08-10,"Image pack, Video, Related searches","commercial, informational",Organic,4.API服务
免费gpt3.5api,77,77,170,28,0.0,https://chatgptzh.github.io/api-key/,0,0.0,0.0,0.0,84,"[100,0,0,0,0,0,0,0,0,0,0,0]",2025-07-28,"Image pack, Video, Ads bottom, Related searches",informational,Organic,4.API服务
chatgpt api key怎么获取,26,26,50,42,0.0,https://chatgptzh.github.io/api-key/,0,0.0,0.0,0.0,81,"[15,28,6,6,6,6,6,6,100,6,6,3]",2025-08-04,"Image pack, Sitelinks, Video, People also ask, Related searches","commercial, informational",Organic,4.API服务
chatgpt api购买,84,84,110,41,0.0,https://chatgptzh.github.io/api-key/,0,0.0,0.0,0.0,94,"[18,18,15,5,100,5,15,6,11,18,0,1]",2025-07-16,"Image pack, Video, Ads bottom, Related searches","commercial, informational",Image pack,4.API服务
国内 调用 openai api,24,24,40,9,0.0,https://chatgptzh.github.io/api-key/,0,0.0,0.0,0.03,82,"[100,14,28,14,14,78,28,14,14,28,14,14]",2025-07-29,"Image pack, Video, Related searches",informational,Organic,4.API服务
chatgpt api 购买,79,79,40,54,0.0,https://chatgptzh.github.io/api-key/,0,0.0,0.0,0.04,2200000,"[9,3,9,34,6,15,15,6,12,15,21,15]",2025-08-07,"Image pack, Sitelinks, Video, Related searches","commercial, informational",Image pack,4.API服务
chatgpt api key 免费,73,73,50,29,0.0,https://chatgptzh.github.io/api-key/,0,0.0,0.0,0.0,41800000,"[100,64,64,11,41,11,11,11,11,11,11,11]",2025-08-02,"Image pack, Video, Related searches",informational,Organic,4.API服务
openai api是另外收费的么,14,14,170,21,0.0,https://chatgptzh.github.io/api-key/,0,0.0,0.0,0.0,477000,"[100,0,0,0,0,0,0,0,0,0,0,0]",2025-07-27,"Sitelinks, Video, Related searches","commercial, informational",Organic,4.API服务
chatgpt api key 如何 获取,22,22,40,38,0.0,https://chatgptzh.github.io/api-key/,0,0.0,0.0,0.0,95,"[14,100,14,100,14,14,14,28,14,14,14,14]",2025-07-23,"Image pack, Video, Related searches","commercial, informational",Organic,4.API服务
openai api 什么时候开始收费,66,66,170,36,0.0,https://chatgptzh.github.io/api-key/,0,0.0,0.0,0.0,66,"[100,0,0,0,0,0,0,0,0,0,0,0]",2025-07-27,"Image pack, Sitelinks, Video, Related searches","commercial, informational",Organic,4.API服务
chat gpt api 对比订阅,53,53,170,13,0.0,https://chatgptzh.github.io/api-key/,0,0.0,0.0,0.0,89,"[100,0,0,0,0,0,0,0,0,0,0,0]",2025-07-26,"Image pack, Video, Related searches","commercial, informational",Organic,4.API服务
openai 香港 信用卡,3,3,70,8,0.0,https://chatgptzh.github.io/cn-and-hk-credit-cards-for-chatgpt-plus-and-openai-billing/,5,1.42,0.0,0.0,82,"[41,100,41,11,11,11,64,11,100,23,11,11]",2025-07-19,"Image pack, Sitelinks, Reviews, Video, Related searches","commercial, informational",Organic,5.Plus会员
chatgpt订阅,3,3,40,32,0.0,https://chatgptzh.github.io/chatgpt-plus/,3,0.85,0.0,0.0,14600000,"[11,11,11,41,0,100,100,0,11,11,0,0]",2025-07-24,"Image pack, Video, Related searches",informational,Organic,5.Plus会员
chatgpt plus购买,16,16,720,28,0.0,https://chatgptzh.github.io/chatgpt-plus/,3,0.85,0.0,0.0,1980000,"[2,3,7,1,2,7,7,2,10,0,100,80]",2025-08-10,"Image pack, Sitelinks, Video, Related searches","commercial, informational",Organic,5.Plus会员
chatgpt plus 購買,3,3,40,27,0.0,https://chatgptzh.github.io/chatgpt-plus/,3,0.85,0.0,0.0,0,"[18,18,18,18,18,18,63,100,36,100,18,18]",2025-07-27,"Image pack, Video, Related searches","commercial, informational",Organic,5.Plus会员
chatgpt plus 购买 教程,9,9,50,21,0.0,https://chatgptzh.github.io/chatgpt-plus/,1,0.28,0.0,0.0,100,"[100,82,11,41,11,11,11,11,11,11,11,11]",2025-07-23,"Image pack, Reviews, Video, Related searches","informational, transactional",Organic,5.Plus会员
代 充 chatgpt,50,50,50,0,0.0,https://chatgptzh.github.io/chatgpt-plus/,0,0.0,0.0,0.03,1620000,"[14,14,14,14,78,28,14,100,78,28,14,14]",2025-07-25,"Image pack, Video, Related searches",informational,Organic,5.Plus会员
苹果不给gpt支付了吗,43,43,170,2,0.0,https://chatgptzh.github.io/chatgpt-plus/,0,0.0,0.0,0.0,66,"[100,0,0,0,0,0,0,0,0,0,0,0]",2025-07-28,"Image pack, Video, People also ask, Related searches","commercial, informational",Organic,5.Plus会员
chatgpt plus 购买,12,12,70,22,1.13,https://chatgptzh.github.io/chatgpt-plus/,0,0.0,0.0,0.09,1430000,"[7,4,4,5,5,5,9,7,7,1,9,26]",2025-07-17,"Image pack, Video, Related searches","informational, transactional",Organic,5.Plus会员
chatgpt 如何 购买,15,15,40,23,0.0,https://chatgptzh.github.io/chatgpt-plus/,0,0.0,0.0,0.0,0,"[14,28,14,14,50,14,14,100,0,100,14,14]",2025-07-23,"Sitelinks, Video, Related searches","commercial, informational",Organic,5.Plus会员
chatgpt账号购买,44,44,1000,18,0.0,https://chatgptzh.github.io/account-buy/,0,0.0,0.0,0.01,4760000,"[0,2,5,5,8,3,1,2,3,54,100,1]",2025-08-08,"Image pack, Sitelinks, Video, Related searches","commercial, informational",Organic,5.Plus会员
gpt plus 会员,53,53,50,34,0.0,https://chatgptzh.github.io/chatgpt-plus/,0,0.0,0.0,0.0,1030000,"[11,23,11,11,11,82,11,11,11,100,11,11]",2025-07-23,"Image pack, Video, People also ask, Related searches","commercial, informational",Organic,5.Plus会员
gpt 支付,23,23,40,21,0.0,https://chatgptzh.github.io/chatgpt-plus/,0,0.0,0.0,0.03,3210000,"[18,18,18,18,81,18,36,100,18,63,18,18]",2025-07-27,"Image pack, Video, Related searches",informational,Organic,5.Plus会员
chatgpt plus 怎么 购买,14,14,50,24,0.0,https://chatgptzh.github.io/chatgpt-plus/,0,0.0,0.0,0.0,1400000,"[11,0,11,0,82,64,100,11,11,11,11,5]",2025-07-23,"Image pack, Sitelinks, Video, Related searches","commercial, informational",Organic,5.Plus会员
chatgpt 4大陆购买,43,43,170,17,0.0,https://chatgptzh.github.io/api-key/,0,0.0,0.0,0.0,9140000,"[100,0,0,0,0,0,0,0,0,0,0,0]",2025-08-15,"Video, Related searches",informational,Organic,5.Plus会员
openai 香港 信用卡,27,27,70,8,0.0,https://chatgptzh.github.io/chatgpt-plus/,0,0.0,0.0,0.0,82,"[41,100,41,11,11,11,64,11,100,23,11,11]",2025-07-19,"Image pack, Sitelinks, Reviews, Video, Related searches","commercial, informational",Organic,5.Plus会员
chatgpt购买,40,40,390,33,0.0,https://chatgptzh.github.io/chatgpt-plus/,0,0.0,0.0,0.0,8240000,"[7,1,4,4,7,3,1,1,2,7,79,100]",2025-07-24,"Sitelinks, Video, Related searches","commercial, informational",Organic,5.Plus会员
chatgptplus怎么充值,21,21,170,28,0.0,https://chatgptzh.github.io/chatgpt-plus/,0,0.0,0.0,0.0,79,"[100,0,0,0,0,0,0,0,0,0,0,0]",2025-07-26,"Image pack, Video, People also ask, Related searches","informational, transactional",Organic,5.Plus会员
chatgpt 购买,43,43,70,12,1.36,https://chatgptzh.github.io/chatgpt-plus/,0,0.0,0.0,0.02,9980000,"[12,5,4,15,19,15,7,0,0,7,7,7]",2025-08-13,"Image pack, Sitelinks, Video, Related searches","commercial, informational",Organic,5.Plus会员
香港 買 chatgpt plus,10,10,40,18,0.0,https://chatgptzh.github.io/chatgpt-plus/,0,0.0,0.0,0.0,608000,"[100,18,0,18,100,18,63,100,18,18,18,0]",2025-07-31,"Image pack, Sitelinks, Video, Related searches","commercial, informational",Organic,5.Plus会员
chatgpt unable to load site vpn 解决,2,2,50,4,0.0,https://chatgptzh.github.io/unable-to-load-site/,6,1.7,0.0,0.0,42,"[0,0,100,100,14,100,14,14,14,14,14,14]",2025-07-23,"Video, Related searches",informational,Organic,6.技术问题
unable to load site chatgpt,44,44,40,22,0.0,https://chatgptzh.github.io/unable-to-load-site/,0,0.0,0.0,0.0,62400000,"[12,10,5,5,5,5,5,5,5,5,5,43]",2025-07-18,"Reviews, Video, People also ask, Related searches, Discussions and forums, AI overview",informational,Organic,6.技术问题
chatgpt unable to load history,38,38,210,23,0.0,https://chatgptzh.github.io/unable-to-load-history/,0,0.0,0.0,0.0,23300000,"[13,2,1,4,3,25,31,5,5,8,20,11]",2025-07-18,"Sitelinks, Reviews, Video, People also ask, Related searches, Discussions and forums, AI overview",informational,Organic,6.技术问题
chatgpt com 的 响应 时间 过 长,17,17,40,8,0.0,https://chatgptzh.github.io/issues-when-using-chatpgt-in-china/,0,0.0,0.0,0.0,68,"[0,11,11,11,41,11,11,100,11,11,11,11]",2025-07-16,Related searches,"commercial, informational",Organic,6.技术问题
something went wrong.you may be connected to a disallowed isp,23,23,40,18,0.0,https://chatgptzh.github.io/issues-when-using-chatpgt-in-china/,0,0.0,0.0,0.0,46,"[81,0,63,81,36,45,63,18,18,18,0,0]",2025-07-26,"Image pack, Sitelinks, Video, Related searches, AI overview",informational,Organic,6.技术问题
chatgpt 一直 转圈,32,32,90,12,0.0,https://chatgptzh.github.io/issues-when-using-chatpgt-in-china/,0,0.0,0.0,0.0,53,"[100,15,3,15,3,3,15,3,3,3,3,3]",2025-08-12,"Image pack, Video, Related searches","commercial, informational",Organic,6.技术问题
chat gpt unable to load history,49,49,70,20,0.0,https://chatgptzh.github.io/unable-to-load-history/,0,0.0,0.0,0.0,83,"[1,1,1,1,24,20,2,3,10,1,1,1]",2025-08-12,"Sitelinks, Video, People also ask, Related searches, Discussions and forums, AI overview",informational,Organic,6.技术问题
chatgpt unable to load site,45,45,110,23,0.0,https://chatgptzh.github.io/unable-to-load-site/,0,0.0,0.0,0.0,40500000,"[10,5,5,5,54,5,7,4,3,5,3,23]",2025-07-15,"Reviews, Video, People also ask, Related searches, Discussions and forums, AI overview",informational,Organic,6.技术问题
chatgpt something went wrong 解決,37,37,40,8,0.0,https://chatgptzh.github.io/issues-when-using-chatpgt-in-china/,0,0.0,0.0,0.0,61,"[50,0,14,50,14,0,28,14,100,78,14,0]",2025-07-27,"Video, People also ask, Related searches","commercial, informational",Organic,6.技术问题
chatgpt unable to load site vpn 解决,29,29,50,4,0.0,https://chatgptzh.github.io/issues-when-using-chatpgt-in-china/,0,0.0,0.0,0.0,42,"[0,0,100,100,14,100,14,14,14,14,14,14]",2025-07-23,"Video, Related searches",informational,Organic,6.技术问题
chatgpt oops an error occurred,23,23,590,22,0.0,https://chatgptzh.github.io/oops-an-error-occurred/,0,0.0,0.0,0.0,296000,"[2,81,0,0,3,0,0,0,0,0,0,0]",2025-08-10,"Sitelinks, Video, Related searches, Discussions and forums, AI overview",informational,Organic,6.技术问题
unable to load history chatgpt,43,43,90,20,0.0,https://chatgptzh.github.io/unable-to-load-history/,0,0.0,0.0,0.0,31500000,"[4,4,4,4,54,66,4,4,14,8,29,4]",2025-08-10,"Sitelinks, Video, Related searches, Discussions and forums, AI overview",informational,Organic,6.技术问题
openai 账号 被 封,8,8,50,7,0.0,https://chatgptzh.github.io/proxy-api/,1,0.28,0.0,0.0,78,"[18,18,18,81,18,81,36,100,18,100,18,18]",2025-07-24,"Image pack, Video, Related searches",informational,Organic,7.账号管理
chatgpt account deactivated 怎么 解决,6,6,40,9,0.0,https://chatgptzh.github.io/openai-api-and-chatgpt-accounts-deleted-or-deactivated/,1,0.28,0.0,0.0,46,"[14,14,14,100,14,28,14,100,14,28,14,14]",2025-07-27,"Image pack, Video, Related searches",informational,Organic,7.账号管理
chatgpt账号低价,95,95,170,13,0.0,https://chatgptzh.github.io/api-key/,0,0.0,0.0,0.0,3650000,"[100,0,0,0,0,0,0,0,0,0,0,0]",2025-08-15,"Image pack, Sitelinks, Video, Related searches","commercial, informational",Organic,7.账号管理
openai 账号 被 封,13,13,50,7,0.0,https://chatgptzh.github.io/openai-api-and-chatgpt-accounts-deleted-or-deactivated/,0,0.0,0.0,0.0,78,"[18,18,18,81,18,81,36,100,18,100,18,18]",2025-07-24,"Image pack, Video, Related searches",informational,Organic,7.账号管理
openai 账号 被 封,48,48,50,7,0.0,https://chatgptzh.github.io/proxy-api/,0,0.0,0.0,0.0,78,"[18,18,18,81,18,81,36,100,18,100,18,18]",2025-07-24,"Image pack, Video, Related searches",informational,Image pack,7.账号管理
chatgpt 3.5 turbo要钱吗,15,15,170,10,0.0,https://chatgptzh.github.io/api-key/,0,0.0,0.0,0.0,95,"[100,0,0,0,0,0,0,0,0,0,0,0]",2025-07-26,"Image pack, Sitelinks, Video, Related searches",informational,Organic,8.模型功能
chat openai com 意外 终止 了 连接,1,1,50,0,0.0,https://chatgptzh.github.io/this-site-cant-be-reached/,12,3.4,0.0,0.0,20,"[64,41,52,52,52,41,41,23,11,17,11,11]",2025-08-16,"Sitelinks, Related searches","informational, transactional",Organic,9.其他
chatgpt com 意外 终止 了 连接,1,1,50,0,0.0,https://chatgptzh.github.io/tags/ChatGPT%E6%84%8F%E5%A4%96%E7%BB%88%E6%AD%A2%E4%BA%86%E8%BF%9E%E6%8E%A5/,12,3.4,0.0,0.0,39,"[0,6,2,4,2,2,14,100,2,2,4,4]",2025-07-23,"Sitelinks, Related searches","informational, transactional",Organic,9.其他
om 意外终止了,5,5,170,18,0.0,https://chatgptzh.github.io/this-site-cant-be-reached/,7,1.98,0.0,0.0,52000,"[100,0,0,0,0,0,0,0,0,0,0,0]",2025-07-27,"Image pack, Video, Related searches","commercial, informational",Organic,9.其他
chat openai com 意外 终止 了 连接,2,2,50,0,0.0,https://chatgptzh.github.io/tags/ChatGPT%E6%84%8F%E5%A4%96%E7%BB%88%E6%AD%A2%E4%BA%86%E8%BF%9E%E6%8E%A5/,6,1.7,0.0,0.0,20,"[64,41,52,52,52,41,41,23,11,17,11,11]",2025-08-16,"Sitelinks, Related searches","informational, transactional",Organic,9.其他
chatgpt com 意外 终止 了 连接,2,2,50,0,0.0,https://chatgptzh.github.io/this-site-cant-be-reached/,6,1.7,0.0,0.0,39,"[0,6,2,4,2,2,14,100,2,2,4,4]",2025-07-23,"Sitelinks, Related searches","informational, transactional",Organic,9.其他
chatgpt ios 点击不了,4,4,170,14,0.0,https://chatgptzh.github.io/continue-no-response/,4,1.13,0.0,0.0,82,"[100,0,0,0,0,0,0,0,0,0,0,0]",2025-07-26,"Video, Video Carousel",informational,Organic,9.其他
似乎 chat openai com 关闭 了 连接,4,4,50,0,0.0,https://chatgptzh.github.io/issues-when-using-chatpgt-in-china/,3,0.85,0.0,0.0,21,"[11,11,23,11,82,100,11,11,11,41,11,11]",2025-07-25,Related searches,"commercial, informational",Organic,9.其他
已标记为滥用,10,10,170,15,0.0,https://chatgptzh.github.io/your-account-was-flagged-for-potential-abuse/,3,0.85,0.0,0.0,1530000,"[100,0,0,0,0,0,0,0,0,0,0,0]",2025-07-28,"Image pack, Reviews",informational,Organic,9.其他
手机端chatgpt,3,3,40,29,0.0,https://chatgptzh.github.io/app/,3,0.85,0.0,0.0,6680000,"[100,19,19,19,19,19,9,9,0,0,0,0]",2025-08-07,"Video, Related searches","commercial, informational",Organic,9.其他
chatgpt中文官网,30,30,1900,46,0.0,https://chatgptzh.github.io/,2,0.56,0.0,0.0,4360000,"[8,8,13,19,15,28,24,28,13,100,66,43]",2025-08-15,"Image pack, Video, Related searches",informational,Organic,9.其他
chatgpt 无法 访问 此 网站,5,5,50,9,0.0,https://chatgptzh.github.io/this-site-cant-be-reached/,2,0.56,0.0,0.0,86,"[100,14,28,100,64,28,14,28,28,14,14,14]",2025-07-23,"Image pack, Video, People also ask, Related searches","commercial, informational",Organic,9.其他
chatgpt中文,26,26,1900,41,0.0,https://chatgptzh.github.io/,2,0.56,0.0,0.0,181000000,"[8,6,6,19,12,4,5,3,4,6,36,29]",2025-08-10,"Image pack, Video, Related searches","informational, transactional",Organic,9.其他
国外手机号chatgpt,7,7,50,9,0.0,https://chatgptzh.github.io/how-to-register-a-chatgpt-account-in-china/,1,0.28,0.0,0.0,1570000,"[19,19,19,100,19,19,9,9,9,9,4,4]",2025-08-07,"Image pack, Sitelinks, Video, Related searches","commercial, informational",Organic,9.其他
chatgpt 中文 官網,27,27,720,35,0.19,https://chatgptzh.github.io/,1,0.28,0.0,0.05,1090000,"[36,30,36,67,67,100,67,67,45,45,45,24]",2025-08-10,"Video, Related searches",informational,Organic,9.其他
openai 官网 打 不 开,7,7,50,6,0.0,https://chatgptzh.github.io/this-site-cant-be-reached/,1,0.28,0.0,0.0,89,"[11,23,11,100,11,23,64,11,82,11,11,11]",2025-07-24,"Image pack, Sitelinks, Related searches",informational,Organic,9.其他
gpt 用 不了,10,10,50,6,0.0,https://chatgptzh.github.io/issues-when-using-chatpgt-in-china/,1,0.28,0.0,0.0,77,"[11,11,11,100,11,11,11,11,82,64,11,11]",2025-07-23,"Image pack, Video, Related searches","commercial, informational",Organic,9.其他
chatgpt 打 不 开,16,16,170,13,0.0,https://chatgptzh.github.io/issues-when-using-chatpgt-in-china/,0,0.0,0.0,0.0,94,"[100,53,35,35,35,35,53,35,17,23,17,23]",2025-08-06,"Image pack, Video, People also ask, Related searches","commercial, informational",Organic,9.其他
chatgpt 打 不 开,25,25,170,13,0.0,https://chatgptzh.github.io/this-site-cant-be-reached/,0,0.0,0.0,0.0,94,"[100,53,35,35,35,35,53,35,17,23,17,23]",2025-08-06,"Image pack, Video, People also ask, Related searches","commercial, informational",Organic,9.其他
telegram 交流,35,35,40,40,0.0,https://chatgptzh.github.io/groups/,0,0.0,0.0,0.0,83,"[18,18,18,100,100,0,100,18,18,18,18,0]",2025-07-29,"Sitelinks, Related searches",informational,Organic,9.其他
openai 接 码,16,16,50,5,0.0,https://chatgptzh.github.io/how-to-register-a-chatgpt-account-in-china/,0,0.0,0.0,0.0,2310000,"[14,28,50,14,14,14,50,100,78,14,14,14]",2025-07-24,"Sitelinks, Video, Related searches","commercial, informational",Organic,9.其他
国内 怎么 用 chatgpt,23,23,40,23,0.0,https://chatgptzh.github.io/how-to-register-a-chatgpt-account-in-china/,0,0.0,0.0,0.01,11800000,"[80,9,19,9,9,9,19,9,19,9,9,9]",2025-07-25,"Image pack, Video, Related searches","commercial, informational",Organic,9.其他
能 用 chatgpt 的 vpn,26,26,40,20,3.18,https://chatgptzh.github.io/if-you-are-using-a-vpn-try-turning-it-off/,0,0.0,0.0,0.75,4230000,"[63,18,36,18,18,36,18,63,100,63,18,18]",2025-07-21,"Sitelinks, Reviews, Video, Featured snippet, Ads bottom, Related searches",informational,Organic,9.其他
中国 大陆 如何 使用 chatgpt,21,21,70,32,0.0,https://chatgptzh.github.io/how-to-register-a-chatgpt-account-in-china/,0,0.0,0.0,0.0,98,"[11,100,11,11,82,11,52,82,41,11,11,11]",2025-07-20,"Image pack, Video, People also ask, Related searches","commercial, informational",Organic,9.其他
chatgpt 怎么 使用,42,42,40,34,0.0,https://chatgptzh.github.io/how-to-register-a-chatgpt-account-in-china/,0,0.0,0.0,0.04,70700000,"[11,11,11,11,11,11,11,41,11,100,11,11]",2025-07-27,"Sitelinks, Video, Related searches","commercial, informational",Organic,9.其他
中国 如何 使用 chatgpt,21,21,40,29,0.0,https://chatgptzh.github.io/how-to-register-a-chatgpt-account-in-china/,0,0.0,0.0,0.0,14000000,"[14,14,28,14,64,14,14,14,14,100,14,14]",2025-07-29,"Sitelinks, Video, Related searches","commercial, informational",Organic,9.其他
chatgpt 使用 方法,60,60,40,21,0.0,https://chatgptzh.github.io/how-to-register-a-chatgpt-account-in-china/,0,0.0,0.0,0.0,40900000,"[11,11,11,11,11,23,11,100,11,11,11,64]",2025-07-27,"Image pack, Sitelinks, Video, Related searches","commercial, informational",Organic,9.其他
chatgpt 中国,29,29,40,39,0.0,https://chatgptzh.github.io/,0,0.0,0.0,0.0,33600000,"[11,2,2,2,2,1,1,1,1,1,1,1]",2025-08-10,"Image pack, Video, Related searches",informational,Organic,9.其他
接码平台中国手机号,92,0,170,16,0.0,https://chatgptzh.github.io/how-to-register-a-chatgpt-account-in-china/,0,0.0,0.0,0.0,24100000,"[100,0,0,0,0,0,0,0,0,0,0,0]",2025-08-16,"Video, Related searches","commercial, informational",Organic,9.其他
chatgpt 沒 反應,16,16,40,15,0.0,https://chatgptzh.github.io/continue-no-response/,0,0.0,0.0,0.0,1470000,"[11,41,100,23,11,11,11,11,11,41,11,0]",2025-07-27,"Image pack, Video, People also ask, Related searches","commercial, informational",Organic,9.其他
chatgpt 沒 反應,30,30,40,15,0.0,https://chatgptzh.github.io/issues-when-using-chatpgt-in-china/,0,0.0,0.0,0.0,1470000,"[11,41,100,23,11,11,11,11,11,41,11,0]",2025-07-27,"Image pack, Video, People also ask, Related searches","commercial, informational",Organic,9.其他
chatgpt 沒 反應,84,84,40,15,0.0,https://chatgptzh.github.io/continue-no-response/,0,0.0,0.0,0.0,1470000,"[11,41,100,23,11,11,11,11,11,41,11,0]",2025-07-27,"Image pack, Video, People also ask, Related searches","commercial, informational",Image pack,9.其他
chatgpt 挂 了,76,76,70,18,0.0,https://chatgptzh.github.io/,0,0.0,0.0,0.0,95,"[6,34,43,53,6,65,6,21,28,6,6,6]",2025-08-14,Video,informational,Organic,9.其他
chatgpt for google 怎么 用,83,83,40,26,0.0,https://chatgptzh.github.io/issues-when-using-chatpgt-in-china/,0,0.0,0.0,0.0,26100000,"[11,11,41,11,11,11,23,41,100,11,11,0]",2025-07-23,"Video, People also ask, Related searches","commercial, informational",Organic,9.其他
chat.openai.comy,79,79,720,100,0.0,https://chatgptzh.github.io/this-site-cant-be-reached/,0,0.0,0.0,0.0,72400000,"[65,54,54,0,0,0,0,0,0,22,0,0]",2025-08-07,"Image pack, Sitelinks, Video",navigational,Organic,9.其他
chatgpt归档,45,45,260,19,0.0,https://chatgptzh.github.io/archives/,0,0.0,0.0,0.0,1310000,"[0,0,0,0,0,0,0,0,0,2,0,100]",2025-07-25,"Image pack, Video, People also ask, Related searches","commercial, informational",Organic,9.其他
chatgpt试用,72,72,40,19,0.0,https://chatgptzh.github.io/tags/ChatGPT%E8%AF%95%E7%94%A8/,0,0.0,0.0,0.0,2780000,"[0,0,0,4,4,0,0,0,0,81,2,0]",2025-07-27,"Video, Related searches",informational,Organic,9.其他
chatgpt history not loading,77,77,40,22,0.0,https://chatgptzh.github.io/unable-to-load-history/,0,0.0,0.0,0.0,292000000,"[9,9,9,9,9,9,100,9,23,9,9,9]",2025-07-29,"Sitelinks, Video, People also ask, Related searches, Discussions and forums, AI overview",informational,Organic,9.其他
韩国是否可以使用chatgpt,96,96,390,13,0.0,https://chatgptzh.github.io/issues-when-using-chatpgt-in-china/,0,0.0,0.0,0.0,2100000,[100],2025-08-13,Video,"commercial, informational",Organic,9.其他
just my socks同一个ip被多人使用,27,27,390,20,0.0,https://chatgptzh.github.io/issues-when-using-chatpgt-in-china/,0,0.0,0.0,0.0,75,"[100,0,0,0,0,0,0]",2025-08-08,"Image pack, Video, Related searches","commercial, informational",Organic,9.其他
如何 在 国内 使用 chatgpt,16,16,40,23,0.0,https://chatgptzh.github.io/how-to-register-a-chatgpt-account-in-china/,0,0.0,0.0,0.0,22900000,"[44,22,100,22,77,22,22,77,44,22,22,22]",2025-07-29,"Sitelinks, Video, Related searches","commercial, informational",Organic,9.其他
gpt 上 不 去,19,19,50,6,0.0,https://chatgptzh.github.io/issues-when-using-chatpgt-in-china/,0,0.0,0.0,0.0,11500000,"[11,23,11,64,100,11,64,11,11,41,11,0]",2025-07-23,"Video, People also ask, Related searches","commercial, informational",Organic,9.其他
gpt 上 不 去,87,87,50,6,0.0,https://chatgptzh.github.io/unable-to-load-site/,0,0.0,0.0,0.0,11500000,"[11,23,11,64,100,11,64,11,11,41,11,0]",2025-07-23,"Video, People also ask, Related searches","commercial, informational",Organic,9.其他
chatgpt 首页,14,14,40,44,0.0,https://chatgptzh.github.io/,0,0.0,0.0,0.0,21700000,"[11,11,100,11,41,11,23,11,0,11,11,11]",2025-07-27,"Image pack, Sitelinks, Video, Related searches",informational,Organic,9.其他
gpt 无法 访问,22,22,40,6,0.0,https://chatgptzh.github.io/if-you-are-using-a-vpn-try-turning-it-off/,0,0.0,0.0,0.0,92,"[22,22,22,100,100,22,100,44,22,22,22,22]",2025-07-27,"Image pack, Video, People also ask, Related searches","commercial, informational",Organic,9.其他
gpt 无法 访问,30,30,40,6,0.0,https://chatgptzh.github.io/issues-when-using-chatpgt-in-china/,0,0.0,0.0,0.0,92,"[22,22,22,100,100,22,100,44,22,22,22,22]",2025-07-27,"Image pack, Video, People also ask, Related searches","commercial, informational",Organic,9.其他
gpt 无法 访问,89,89,40,6,0.0,https://chatgptzh.github.io/this-site-cant-be-reached/,0,0.0,0.0,0.0,92,"[22,22,22,100,100,22,100,44,22,22,22,22]",2025-07-27,"Image pack, Video, People also ask, Related searches","commercial, informational",Image pack,9.其他
chat gpt翻墙可以用吗,60,60,170,20,0.0,https://chatgptzh.github.io/if-you-are-using-a-vpn-try-turning-it-off/,0,0.0,0.0,0.0,0,"[100,0,0,0,0,0,0,0,0,0,0,0]",2025-07-26,"Video, Featured snippet, Related searches","commercial, informational",Organic,9.其他
chatgpt 中文,37,37,880,42,0.3,https://chatgptzh.github.io/,0,0.0,0.0,0.13,147000000,"[2,2,2,3,4,3,3,2,1,1,2,2]",2025-08-06,"Image pack, Video, Related searches","informational, transactional",Organic,9.其他
chatgpt 使用方法,62,62,50,19,0.0,https://chatgptzh.github.io/how-to-register-a-chatgpt-account-in-china/,0,0.0,0.0,0.0,39900000,"[23,11,82,23,82,11,64,11,11,11,0,0]",2025-07-18,"Image pack, Sitelinks, Video, Related searches","commercial, informational",Organic,9.其他
中国 手机 接 码,50,50,50,6,0.0,https://chatgptzh.github.io/how-to-register-a-chatgpt-account-in-china/,0,0.0,0.0,0.0,180000000,"[14,28,28,14,14,28,28,64,50,100,14,14]",2025-07-25,"Image pack, Video, Related searches","commercial, informational",Organic,9.其他
sms-activate成品账户怎么操作,33,33,170,21,0.0,https://chatgptzh.github.io/how-to-register-a-chatgpt-account-in-china/,0,0.0,0.0,0.0,72,"[100,0,0,0,0,0,0,0,0,0,0,0]",2025-07-27,"Image pack, Video, Related searches","commercial, informational",Organic,9.其他
om 意外终止了,15,15,170,18,0.0,https://chatgptzh.github.io/tags/ChatGPT%E6%84%8F%E5%A4%96%E7%BB%88%E6%AD%A2%E4%BA%86%E8%BF%9E%E6%8E%A5/,0,0.0,0.0,0.0,52000,"[100,0,0,0,0,0,0,0,0,0,0,0]",2025-07-27,"Image pack, Video, Related searches","commercial, informational",Organic,9.其他
om 意外终止了,74,74,170,18,0.0,https://chatgptzh.github.io/this-site-cant-be-reached/,0,0.0,0.0,0.0,52000,"[100,0,0,0,0,0,0,0,0,0,0,0]",2025-07-27,"Image pack, Video, Related searches","commercial, informational",Image pack,9.其他
中国 如何 用 chatgpt,33,33,70,24,0.0,https://chatgptzh.github.io/how-to-register-a-chatgpt-account-in-china/,0,0.0,0.0,0.0,23200000,"[11,100,11,11,52,64,100,11,23,52,11,11]",2025-07-20,"Reviews, Video, Related searches","commercial, informational",Organic,9.其他
chatgpt怎么用,45,45,70,33,0.0,https://chatgptzh.github.io/how-to-register-a-chatgpt-account-in-china/,0,0.0,0.0,0.0,43800000,"[0,1,0,0,1,0,2,2,0,2,2,0]",2025-08-07,"Image pack, Video, Related searches","commercial, informational",Organic,9.其他
chatgpt mac 一直跳进入不了,30,30,170,18,0.0,https://chatgptzh.github.io/continue-no-response/,0,0.0,0.0,0.0,38,"[100,0,0,0,0,0,0,0,0,0,0,0]",2025-07-26,"Image pack, Related searches","commercial, informational",Organic,9.其他
已标记为滥用,84,84,170,15,0.0,https://chatgptzh.github.io/your-account-was-flagged-for-potential-abuse/,0,0.0,0.0,0.0,1530000,"[100,0,0,0,0,0,0,0,0,0,0,0]",2025-07-28,"Image pack, Reviews",informational,Image pack,9.其他
openai 官网 打 不 开,36,36,50,6,0.0,https://chatgptzh.github.io/issues-when-using-chatpgt-in-china/,0,0.0,0.0,0.0,89,"[11,23,11,100,11,23,64,11,82,11,11,11]",2025-07-24,"Image pack, Sitelinks, Related searches",informational,Organic,9.其他
openai 官网 打 不 开,68,68,50,6,0.0,https://chatgptzh.github.io/this-site-cant-be-reached/,0,0.0,0.0,0.0,89,"[11,23,11,100,11,23,64,11,82,11,11,11]",2025-07-24,"Image pack, Sitelinks, Related searches",informational,Image pack,9.其他
chatgpt vpn 中国,59,59,40,8,0.0,https://chatgptzh.github.io/if-you-are-using-a-vpn-try-turning-it-off/,0,0.0,0.0,0.0,809000,"[50,100,50,14,28,14,14,0,14,50,14,0]",2025-07-27,"Image pack, Sitelinks, Video, Ads top, Ads bottom, Related searches",commercial,Organic,9.其他
chatgpt vpn 中国,90,90,40,8,0.0,https://chatgptzh.github.io/,0,0.0,0.0,0.0,809000,"[50,100,50,14,28,14,14,0,14,50,14,0]",2025-07-27,"Image pack, Sitelinks, Video, Ads top, Ads bottom, Related searches",commercial,Organic,9.其他
无法 访问 chatgpt,26,26,40,0,0.0,https://chatgptzh.github.io/this-site-cant-be-reached/,0,0.0,0.0,0.0,96,"[100,28,14,14,28,14,14,28,14,14,14,14]",2025-07-29,"Image pack, Video, Related searches","commercial, informational",Organic,9.其他
无法 访问 chatgpt,45,45,40,0,0.0,https://chatgptzh.github.io/this-site-cant-be-reached/,0,0.0,0.0,0.0,96,"[100,28,14,14,28,14,14,28,14,14,14,14]",2025-07-29,"Image pack, Video, Related searches","commercial, informational",Image pack,9.其他
中国 可以 使用 chatgpt 吗,89,89,50,25,0.0,https://chatgptzh.github.io/how-to-register-a-chatgpt-account-in-china/,0,0.0,0.0,0.0,11900000,"[23,100,64,82,0,11,11,23,11,11,11,11]",2025-07-25,"Image pack, Video, Featured snippet, Related searches",informational,Organic,9.其他
中国不能访问chatgpt,62,62,170,28,0.0,https://chatgptzh.github.io/,0,0.0,0.0,0.0,1670000,"[100,0,0,0,0,0,0,0,0,0,0,0]",2025-07-28,"Video, Featured snippet, Related searches",informational,Organic,9.其他
中国不能访问chatgpt,100,100,170,28,0.0,https://chatgptzh.github.io/issues-when-using-chatpgt-in-china/,0,0.0,0.0,0.0,1670000,"[100,0,0,0,0,0,0,0,0,0,0,0]",2025-07-28,"Video, Featured snippet, Related searches",informational,Organic,9.其他
中国chatgpt,33,33,40,47,0.0,https://chatgptzh.github.io/,0,0.0,0.0,0.0,32900000,"[6,6,6,6,6,81,6,6,6,0,0,0]",2025-08-10,"Image pack, Video, People also ask, Related searches","commercial, informational",Organic,9.其他
油管出了点问题稍后重试,34,34,260,15,0.0,https://chatgptzh.github.io/issues-when-using-chatpgt-in-china/,0,0.0,0.0,0.0,938000,"[100,0,0,0,0,0,0,0,0,0,0,0]",2025-07-26,"Video, People also ask, Related searches",informational,Organic,9.其他
chatgpt 封 ip,56,56,50,0,0.0,https://chatgptzh.github.io/issues-when-using-chatpgt-in-china/,0,0.0,0.0,0.0,821000,"[14,14,100,14,14,14,78,64,14,100,14,14]",2025-07-23,"Image pack, Sitelinks, Video, Video Carousel","informational, transactional",Organic,9.其他
中文chatgpt,39,39,40,36,0.0,https://chatgptzh.github.io/,0,0.0,0.0,0.08,185000000,"[19,7,7,7,7,7,7,7,42,42,7,7]",2025-07-16,"Reviews, Video, Related searches",commercial,Organic,9.其他
chatgpt中文官網,23,23,70,32,0.0,https://chatgptzh.github.io/,0,0.0,0.0,0.0,1180000,"[0,0,0,0,0,54,100,2,0,6,0,0]",2025-08-04,"Sitelinks, Video, Related searches",informational,Organic,9.其他
chatgpt 无法 访问 此 网站,23,23,50,9,0.0,https://chatgptzh.github.io/issues-when-using-chatpgt-in-china/,0,0.0,0.0,0.0,86,"[100,14,28,100,64,28,14,28,28,14,14,14]",2025-07-23,"Image pack, Video, People also ask, Related searches","commercial, informational",Organic,9.其他
chatgpt 无法 访问 此 网站,83,83,50,9,0.0,https://chatgptzh.github.io/this-site-cant-be-reached/,0,0.0,0.0,0.0,86,"[100,14,28,100,64,28,14,28,28,14,14,14]",2025-07-23,"Image pack, Video, People also ask, Related searches","commercial, informational",Image pack,9.其他
chatgpt 不 响应,79,79,40,15,0.0,https://chatgptzh.github.io/issues-when-using-chatpgt-in-china/,0,0.0,0.0,0.0,2880000,"[14,14,14,100,0,14,14,78,14,50,14,0]",2025-07-23,"Reviews, Video, Related searches",informational,Organic,9.其他
chatgpt 哦,70,70,30,70,0.1,https://chatgptzh.github.io/,0,0.0,0.0,0.26,2960000,"[22,22,33,44,44,100,55,55,0,44,44,0]",2025-08-15,"Sitelinks, Video, Related searches",informational,Organic,9.其他
gpt 验证 码,15,15,40,2,0.0,https://chatgptzh.github.io/how-to-register-a-chatgpt-account-in-china/,0,0.0,0.0,0.0,1750000,"[14,14,50,50,28,14,100,14,0,14,14,14]",2025-07-27,"Image pack, Video, Video Carousel, Related searches","informational, transactional",Organic,9.其他
国内 如何 使用 chatgpt,17,17,40,23,0.0,https://chatgptzh.github.io/how-to-register-a-chatgpt-account-in-china/,0,0.0,0.0,0.0,12900000,"[18,18,36,18,100,18,18,18,100,63,18,18]",2025-07-29,"Image pack, Video, Related searches","commercial, informational",Organic,9.其他
chatgpt 打不開,10,10,90,18,0.0,https://chatgptzh.github.io/issues-when-using-chatpgt-in-china/,0,0.0,0.0,0.0,100,"[66,35,28,23,23,17,35,35,12,7,0,0]",2025-07-19,"Image pack, Sitelinks, Video, Featured snippet, People also ask, Related searches",informational,Organic,9.其他
chatgpt 打不開,29,29,90,18,0.0,https://chatgptzh.github.io/this-site-cant-be-reached/,0,0.0,0.0,0.0,100,"[66,35,28,23,23,17,35,35,12,7,0,0]",2025-07-19,"Image pack, Sitelinks, Video, Featured snippet, People also ask, Related searches",informational,Organic,9.其他
chatgpt ios 点击不了,39,39,170,14,0.0,https://chatgptzh.github.io/issues-when-using-chatpgt-in-china/,0,0.0,0.0,0.0,82,"[100,0,0,0,0,0,0,0,0,0,0,0]",2025-07-26,"Video, Video Carousel",informational,Organic,9.其他
chatgpt 怎么用,45,45,110,31,0.42,https://chatgptzh.github.io/how-to-register-a-chatgpt-account-in-china/,0,0.0,0.0,0.05,43400000,"[1,0,1,1,1,1,1,0,1,0,1,1]",2025-07-15,"Image pack, Video, Related searches","commercial, informational",Organic,9.其他
chatgpt 進 不 去,22,22,140,7,0.0,https://chatgptzh.github.io/issues-when-using-chatpgt-in-china/,0,0.0,0.0,0.0,92,"[100,3,3,1,1,3,1,6,3,1,1,1]",2025-08-06,"Image pack, Video, People also ask, Related searches","commercial, informational",Organic,9.其他
chatgpt 訂閱,17,22,90,29,0.0,https://chatgptzh.github.io/chatgpt-plus/,0,0.0,0.0,0.01,7320000,"[6,6,81,6,100,65,6,6,6,6,34,0]",2025-08-16,"Image pack, Video, Related searches",informational,Organic,9.其他
gpt 用 不了,65,65,50,6,0.0,https://chatgptzh.github.io/unable-to-load-site/,0,0.0,0.0,0.0,77,"[11,11,11,100,11,11,11,11,82,64,11,11]",2025-07-23,"Image pack, Video, Related searches","commercial, informational",Organic,9.其他
下載 chatgpt,57,57,40,50,1.22,https://chatgptzh.github.io/app/,0,0.0,0.0,0.43,13000000,"[11,11,11,11,11,23,11,64,11,100,11,0]",2025-07-29,"Video, Related searches",informational,Organic,9.其他
https //chat.openai.com/chat,79,79,90,30,0.0,https://chatgptzh.github.io/this-site-cant-be-reached/,0,0.0,0.0,0.0,92700000,"[7,7,2,5,4,2,0,2,1,0,0,0]",2025-08-04,"Sitelinks, Video",navigational,Organic,9.其他
chatgpt 被 墙,13,13,50,0,0.0,https://chatgptzh.github.io/if-you-are-using-a-vpn-try-turning-it-off/,0,0.0,0.0,0.0,3010000,"[100,64,41,11,11,23,23,23,41,11,11,11]",2025-07-23,"Image pack, Video, Related searches","commercial, informational",Organic,9.其他
