Keyword,关键词分类,流量等级,Traffic,Search Volume,Position,Keyword Difficulty,CPC,URL,Traffic (%),Traffic Cost,Competition,Number of Results,Trends,Timestamp,SERP Features by Keyword,Keyword Intents,Position Type,Previous position
chatgpt注册,1.注册相关,🔥高流量,72,880,3,34,0.0,https://chatgptzh.github.io/how-to-register-a-chatgpt-account-in-china/,20.45,0.0,0.0,15300000,"[2,2,0,2,0,3,1,1,1,23,19,29]",2025-08-09,"Image pack, Video, Related searches",transactional,Organic,3
chatgpt注册,1.注册相关,🔥高流量,19,880,10,34,0.0,https://chatgptboke.com/how-to-register-chatgpt-in-china.html,7.11,0.0,0.0,15300000,"[2,2,0,2,0,3,1,1,1,23,19,29]",2025-08-09,"Image pack, Video, Related searches",transactional,Organic,10
chatgpt 注册,1.注册相关,⭐中流量,7,110,4,21,0.51,https://chatgptzh.github.io/how-to-register-a-chatgpt-account-in-china/,1.98,3.0,0.08,15700000,"[1,0,2,2,2,0,1,0,0,0,0,0]",2025-08-08,"Image pack, Video, Related searches",transactional,Organic,4
注册chatgpt,1.注册相关,⭐中流量,6,50,2,14,0.0,https://chatgptzh.github.io/how-to-register-a-chatgpt-account-in-china/,1.7,0.0,0.0,11500000,"[5,4,3,3,3,4,4,2,1,1,0,0]",2025-07-15,"Reviews, Video, Related searches",navigational,Organic,2
chatgpt 怎么 注册,1.注册相关,⭐中流量,6,50,2,3,0.0,https://chatgptzh.github.io/how-to-register-a-chatgpt-account-in-china/,1.7,0.0,0.0,14000000,"[11,11,64,11,11,100,11,11,64,52,11,11]",2025-07-23,"Sitelinks, Video, Ads bottom, Related searches","informational, transactional",Organic,2
怎么 注册 chatgpt,1.注册相关,⭐中流量,5,40,2,8,0.0,https://chatgptzh.github.io/how-to-register-a-chatgpt-account-in-china/,1.42,0.0,0.1,178000000,"[11,11,23,11,11,64,100,11,11,23,11,11]",2025-07-29,"Image pack, Sitelinks, Video, Related searches","informational, transactional",Organic,2
如何注册chatgpt,1.注册相关,⭐中流量,5,40,2,4,0.0,https://chatgptzh.github.io/how-to-register-a-chatgpt-account-in-china/,1.42,0.0,0.0,14000000,"[3,2,2,2,2,2,2,2,1,1,0,1]",2025-08-07,"Video, Related searches","informational, transactional",Organic,2
中国 注册 chatgpt,1.注册相关,⭐中流量,5,70,3,16,0.0,https://chatgptboke.com/how-to-register-chatgpt-in-china.html,1.87,0.0,0.0,10300000,"[11,52,11,11,41,100,0,100,52,41,11,0]",2025-07-20,"Image pack, Sitelinks, Video, Related searches","commercial, informational",Organic,3
中国 注册 chatgpt,1.注册相关,💡低流量,4,70,4,16,0.0,https://chatgptzh.github.io/how-to-register-a-chatgpt-account-in-china/,1.13,0.0,0.0,10300000,"[11,52,11,11,41,100,0,100,52,41,11,0]",2025-07-20,"Image pack, Sitelinks, Video, Related searches","commercial, informational",Organic,4
中国 如何 注册 chatgpt,1.注册相关,💡低流量,4,50,3,25,0.0,https://chatgptboke.com/how-to-register-chatgpt-in-china.html,1.49,0.0,0.0,8310000,"[14,100,64,78,50,28,14,14,50,14,14,14]",2025-07-25,"Image pack, Sitelinks, Video, Related searches","commercial, informational",Organic,3
注册chatgpt,1.注册相关,💡低流量,2,50,5,14,0.0,https://chatgptboke.com/how-to-register-chatgpt-in-china.html,0.74,0.0,0.0,11500000,"[5,4,3,3,3,4,4,2,1,1,0,0]",2025-07-15,"Reviews, Video, Related searches",navigational,Organic,5
chatgpt 注册,1.注册相关,💡低流量,2,110,8,21,0.51,https://chatgptboke.com/how-to-register-chatgpt-in-china.html,0.74,1.0,0.08,15700000,"[1,0,2,2,2,0,1,0,0,0,0,0]",2025-08-08,"Image pack, Video, Related searches",transactional,Organic,8
中国 如何 注册 chatgpt,1.注册相关,💡低流量,1,50,6,25,0.0,https://chatgptzh.github.io/how-to-register-a-chatgpt-account-in-china/,0.28,0.0,0.0,8310000,"[14,100,64,78,50,28,14,14,50,14,14,14]",2025-07-25,"Image pack, Sitelinks, Video, Related searches","commercial, informational",Organic,6
如何 开通 chatgpt plus,1.注册相关,💡低流量,1,50,8,17,0.0,https://chatgptzh.github.io/chatgpt-plus/,0.28,0.0,0.0,990000,"[11,11,64,100,11,41,11,11,11,23,11,11]",2025-07-25,"Image pack, Sitelinks, Video, Related searches","informational, transactional",Organic,8
chatgpt 注册 不 需要 手机 号 了,1.注册相关,💡低流量,1,40,7,8,0.0,https://chatgptboke.com/how-to-register-chatgpt-in-china.html,0.37,0.0,0.0,90,"[100,14,14,64,64,14,14,14,28,50,14,0]",2025-07-23,"Image pack, Sitelinks, Video, Featured snippet, Related searches",informational,Organic,7
如何注册chatgpt,1.注册相关,💡低流量,1,40,6,4,0.0,https://chatgptboke.com/how-to-register-chatgpt-in-china.html,0.37,0.0,0.0,14000000,"[3,2,2,2,2,2,2,2,1,1,0,1]",2025-08-07,"Video, Related searches","informational, transactional",Organic,6
chatgpt 注册 不了,1.注册相关,💡低流量,1,50,10,0,0.0,https://chatgptboke.com/how-to-register-chatgpt-in-china.html,0.37,0.0,0.0,92,"[14,14,14,14,100,14,100,14,100,14,14,14]",2025-07-24,"Image pack, Video, Related searches",commercial,Organic,10
chatgpt 怎么 注册,1.注册相关,💡低流量,1,50,6,3,0.0,https://chatgptboke.com/how-to-register-chatgpt-in-china.html,0.37,0.0,0.0,14000000,"[11,11,64,11,11,100,11,11,64,52,11,11]",2025-07-23,"Sitelinks, Video, Ads bottom, Related searches","informational, transactional",Organic,6
chatgpt登录的继续按钮点不了,2.登录使用,🔥高流量,42,170,1,11,0.0,https://chatgptzh.github.io/continue-no-response/,11.93,0.0,0.0,46,"[100,0,0,0,0,0,0,0,0,0,0,0]",2025-07-26,"Video, Related searches",informational,Organic,1
chatgpt登录的继续按钮点不了,2.登录使用,🔥高流量,13,170,3,11,0.0,https://chatgptzh.github.io/cannot-continue-after-entering-username-and-password/,3.69,0.0,0.0,46,"[100,0,0,0,0,0,0,0,0,0,0,0]",2025-07-26,"Video, Related searches",informational,Organic,3
chatgpt的登录验证,2.登录使用,⭐中流量,7,170,5,13,0.0,https://chatgptboke.com/verifying-you-are-human-this-may-take-a-few-seconds.html,2.62,0.0,0.0,5200000,"[100,0,0,0,0,0,0,0,0,0,0,0]",2025-08-15,"Video, Related searches",informational,Organic,5
ios chatgpt 无法 登录,2.登录使用,⭐中流量,5,40,2,0,0.0,https://chatgptboke.com/chatgpt-ios-app-something-went-wrong-please-make-sure-your-devices-date-and-time-are-set-properly.html,1.87,0.0,0.0,81,"[18,18,100,18,18,18,18,81,81,18,18,18]",2025-07-30,"Video, Related searches",informational,Organic,2
solidtorrent.to 网站打不开,2.登录使用,💡低流量,4,170,8,16,0.0,https://chatgptzh.github.io/unable-to-load-site/,1.13,0.0,0.0,34,"[100,0,0,0,0,0,0,0,0,0,0,0]",2025-07-27,,informational,Organic,8
chatgpt的登录验证,2.登录使用,💡低流量,4,170,9,13,0.0,https://chatgptboke.com/secure-your-account-issue.html,1.49,0.0,0.0,5200000,"[100,0,0,0,0,0,0,0,0,0,0,0]",2025-08-15,"Video, Related searches",informational,Organic,9
chatgpt打不开,2.登录使用,💡低流量,2,320,14,14,0.0,https://chatgptzh.github.io/issues-when-using-chatpgt-in-china/,0.56,0.0,0.0,94,"[5,2,3,0,3,7,3,2,3,0,0,100]",2025-08-10,"Image pack, Video, Related searches","commercial, informational",Organic,14
chatgpt突然进不去,2.登录使用,💡低流量,2,590,17,20,0.0,https://chatgptzh.github.io/issues-when-using-chatpgt-in-china/,0.56,0.0,0.0,2270000,"[0,0,100]",2025-07-31,"Video, People also ask, Related searches",informational,Organic,17
chatgpt用不了,2.登录使用,💡低流量,1,50,6,15,0.0,https://chatgptzh.github.io/issues-when-using-chatpgt-in-china/,0.28,0.0,0.0,100,"[28,15,21,21,15,15,21,12,12,6,6,3]",2025-07-18,"Image pack, Reviews, Video, People also ask, Related searches","commercial, informational",Organic,6
用不了chatgpt,2.登录使用,💡低流量,1,40,7,11,0.0,https://chatgptzh.github.io/issues-when-using-chatpgt-in-china/,0.28,0.0,0.0,6120000,"[11,11,11,11,100,100,11,11,11,11,0,0]",2025-08-07,"Image pack, Video, Related searches","commercial, informational",Organic,7
https://solidtorrent.to 网站打不开,2.登录使用,💡低流量,1,170,13,17,0.0,https://chatgptzh.github.io/unable-to-load-site/,0.28,0.0,0.0,27,"[100,0,0,0,0,0,0,0,0,0,0,0]",2025-07-27,,informational,Organic,13
chatgpt 登录不了,2.登录使用,💡低流量,1,50,10,11,0.0,https://chatgptboke.com/tag/chatgpt%E7%99%BB%E5%BD%95%E4%B8%8D%E4%B8%8A,0.37,0.0,0.0,85,"[64,35,35,64,50,35,78,35,21,21,0,0]",2025-07-29,"Video, Related searches","commercial, informational",Organic,10
chatgpt下载到手机,3.下载安装,⭐中流量,9,210,5,40,0.42,https://chatgptzh.github.io/app/,2.55,3.0,0.04,9380000,"[29,29,35,54,66,100,66,54,35,43,43,35]",2025-08-11,"Video, Featured snippet, Related searches",transactional,Organic,5
怎么 下载 chatgpt app,3.下载安装,💡低流量,3,50,4,48,0.0,https://chatgptzh.github.io/app/,0.85,0.0,0.0,29600000,"[100,11,11,11,100,82,41,11,11,11,11,0]",2025-07-20,"Sitelinks, Reviews, Video, People also ask, Related searches",transactional,Organic,4
chatgpt apk安装包,3.下载安装,💡低流量,3,260,12,43,0.0,https://chatgptboke.com/android-app-launch-announcement.html,1.12,0.0,0.0,67,"[8,2,4,3,5,7,3,5,8,3,100,0]",2025-08-04,"Video, People also ask, Related searches","commercial, informational",Organic,12
chatgpt下载,3.下载安装,💡低流量,1,5400,49,59,0.0,https://chatgptzh.github.io/app/,0.28,0.0,0.0,36600000,"[8,24,19,24,44,54,100,44,24,0,0,29]",2025-08-17,"Video, Related searches","commercial, informational",Organic,65
chatgpt app 打 不 开,3.下载安装,💡低流量,1,50,9,10,0.0,https://chatgptzh.github.io/issues-when-using-chatpgt-in-china/,0.28,0.0,0.0,98,"[100,9,9,42,19,19,42,9,42,9,9,9]",2025-07-18,"Video, Related searches","commercial, informational",Organic,9
chatgpt apk 安装 包,3.下载安装,💡低流量,1,70,11,37,0.0,https://chatgptboke.com/android-app-launch-announcement.html,0.37,0.0,0.0,66,"[100,36,36,36,63,81,63,63,81,27,45,27]",2025-07-18,"Sitelinks, Reviews, Related searches",transactional,Organic,11
chatgpt app something went wrong 怎么 解决,3.下载安装,💡低流量,1,40,6,20,0.0,https://chatgptboke.com/chatgpt-ios-app-something-went-wrong-please-make-sure-your-devices-date-and-time-are-set-properly.html,0.37,0.0,0.0,48,"[11,11,52,11,11,100,11,11,11,11,11,0]",2025-07-27,"Video, Featured snippet, Related searches",informational,Organic,6
chatgpt api购买,4.API服务,🔥高流量,27,110,1,41,0.0,https://chatgptzh.github.io/api-key/,7.67,0.0,0.0,94,"[18,18,15,5,100,5,15,6,11,18,0,1]",2025-07-16,"Image pack, Video, Ads bottom, Related searches","commercial, informational",Organic,1
openai api购买,4.API服务,🔥高流量,12,50,1,27,0.0,https://chatgptzh.github.io/api-key/,3.4,0.0,0.0,1400000,"[15,0,8,5,11,3,3,0,3,3,35,0]",2025-08-16,"Sitelinks, Video, Related searches",informational,Organic,2
openai api key购买,4.API服务,🔥高流量,10,390,2,55,0.0,https://chatgptzh.github.io/api-key/,2.84,0.0,0.0,84,"[3,3,8,3,5,3,4,2,4,3,0,100]",2025-07-28,"Image pack, Sitelinks, Video, Related searches",informational,Organic,2
chatgpt api 购买,4.API服务,⭐中流量,9,40,1,54,0.0,https://chatgptzh.github.io/api-key/,2.55,0.0,0.04,2200000,"[9,3,9,34,6,15,15,6,12,15,21,15]",2025-08-07,"Image pack, Sitelinks, Video, Related searches","commercial, informational",Organic,1
chatgpt api价格,4.API服务,⭐中流量,6,210,7,28,0.0,https://chatgptboke.com/openai-chatgpt-api-price.html,2.24,0.0,0.0,2240000,"[1,1,1,1,1,1,1,1,13,1,100,0]",2025-07-27,"Sitelinks, Related searches",informational,Organic,7
gpt api 购买,4.API服务,⭐中流量,5,40,2,39,0.0,https://chatgptzh.github.io/api-key/,1.42,0.0,0.01,100,"[44,22,100,44,55,22,77,44,100,22,22,22]",2025-07-24,"Image pack, Sitelinks, Video, Related searches",informational,Organic,2
openai api 代充,4.API服务,⭐中流量,5,170,7,0,0.0,https://chatgptzh.github.io/api-key/,1.42,0.0,0.0,85,"[1,1,1,1,1,1,0,1,1,100,0,0]",2025-08-10,"Image pack, Video, Related searches","commercial, informational",Organic,7
逆向 openai 的网页服务搭建一个转发 接口 chatgpt 4o,4.API服务,⭐中流量,5,170,6,17,0.0,https://chatgptboke.com/why-recommend-you-using-new-api.html,1.87,0.0,0.0,6,"[100,0,0,0,0,0,0,0,0,0,0,0]",2025-07-28,"Image pack, Related searches",informational,Organic,6
逆向 openai 的网页服务搭建一个转发 接口,4.API服务,💡低流量,4,170,8,5,0.0,https://chatgptboke.com/why-recommend-you-using-new-api.html,1.49,0.0,0.0,16,"[100,0,0,0,0,0,0,0,0,0,0,0]",2025-07-28,"Image pack, Related searches",informational,Organic,8
chat gpt api 对比plus 会员,4.API服务,💡低流量,4,170,8,4,0.0,https://chatgptboke.com/chatgpt-plus-and-gpt-4-0-api.html,1.49,0.0,0.0,62,"[100,0,0,0,0,0,0,0,0,0,0,0]",2025-07-26,"Image pack, Video, Related searches",informational,Organic,8
chatgpt api 付费,4.API服务,💡低流量,3,170,3,29,0.0,https://chatgptzh.github.io/api-key/,0.85,0.0,0.0,1030000,"[0,100,0,0,0,0,0,0,0,0,0,0]",2025-08-06,"Image pack, Sitelinks, Video, Related searches",informational,Organic,3
gpt4 api价格最新,4.API服务,💡低流量,2,210,12,30,0.0,https://chatgptzh.github.io/api-key/,0.56,0.0,0.0,497000,"[100,0,0,0,0,0,0,0,0,0,0]",2025-07-27,"Image pack, Sitelinks, Featured snippet, Related searches",informational,Organic,12
openai api key 购买,4.API服务,💡低流量,1,40,2,46,0.0,https://chatgptzh.github.io/api-key/,0.28,0.0,0.03,86,"[11,100,55,77,77,11,0,77,22,55,55,22]",2025-08-09,"Image pack, Sitelinks, Video, Related searches",informational,Organic,2
gpt4 api key 购买,4.API服务,💡低流量,1,50,7,3,0.0,https://chatgptzh.github.io/api-key/,0.28,0.0,0.1,73,"[14,14,14,14,14,14,100,100,64,14,14,14]",2025-07-23,"Image pack, Related searches","commercial, informational",Organic,7
chatgpt api 免費 額度,4.API服务,💡低流量,1,40,5,5,0.0,https://chatgptzh.github.io/no-credit-grants-found/,0.28,0.0,0.0,71,"[100,14,14,14,14,0,0,100,14,14,14,14]",2025-07-27,"Image pack, Reviews, Video, Related searches",informational,Organic,5
openai api 代充,4.API服务,💡低流量,1,170,14,0,0.0,https://chatgptboke.com/tag/openai-api%E4%BB%A3%E5%85%85%E5%80%BC,0.37,0.0,0.0,85,"[1,1,1,1,1,1,0,1,1,100,0,0]",2025-08-10,"Image pack, Video, Related searches","commercial, informational",Organic,14
openai api是另外收费的么,4.API服务,💡低流量,1,170,8,21,0.0,https://chatgptboke.com/openai-chatgpt-api-price.html,0.37,0.0,0.0,477000,"[100,0,0,0,0,0,0,0,0,0,0,0]",2025-07-27,"Sitelinks, Video, Related searches","commercial, informational",Organic,8
chatgpt plus账号共享,5.Plus会员,🔥高流量,11,480,8,8,0.0,https://chatgptboke.com/can-chatgpt-account-and-plus-be-shared.html,4.11,0.0,0.0,99,"[0,0,3,11,3,3,3,1,16,100,0,65]",2025-08-13,"Image pack, Video, Related searches",informational,Organic,8
openai 香港 信用卡,5.Plus会员,⭐中流量,5,70,3,8,0.0,https://chatgptzh.github.io/cn-and-hk-credit-cards-for-chatgpt-plus-and-openai-billing/,1.42,0.0,0.0,82,"[41,100,41,11,11,11,64,11,100,23,11,11]",2025-07-19,"Image pack, Sitelinks, Reviews, Video, Related searches","commercial, informational",Organic,3
chatgpt订阅,5.Plus会员,💡低流量,3,40,3,32,0.0,https://chatgptzh.github.io/chatgpt-plus/,0.85,0.0,0.0,14600000,"[11,11,11,41,0,100,100,0,11,11,0,0]",2025-07-24,"Image pack, Video, Related searches",informational,Organic,3
chatgpt plus购买,5.Plus会员,💡低流量,3,720,16,28,0.0,https://chatgptzh.github.io/chatgpt-plus/,0.85,0.0,0.0,1980000,"[2,3,7,1,2,7,7,2,10,0,100,80]",2025-08-10,"Image pack, Sitelinks, Video, Related searches","commercial, informational",Organic,16
chatgpt plus 購買,5.Plus会员,💡低流量,3,40,3,27,0.0,https://chatgptzh.github.io/chatgpt-plus/,0.85,0.0,0.0,0,"[18,18,18,18,18,18,63,100,36,100,18,18]",2025-07-27,"Image pack, Video, Related searches","commercial, informational",Organic,3
chatgpt plus 购买 教程,5.Plus会员,💡低流量,1,50,9,21,0.0,https://chatgptzh.github.io/chatgpt-plus/,0.28,0.0,0.0,100,"[100,82,11,41,11,11,11,11,11,11,11,11]",2025-07-23,"Image pack, Reviews, Video, Related searches","informational, transactional",Organic,9
chatgpt 503 service temporarily unavailable 怎么解决,6.技术问题,🔥高流量,42,170,1,3,0.0,https://chatgptboke.com/how-to-fix-chatgpt-503-service-temporarily-unavailable.html,15.73,0.0,0.0,41,"[100,0,0,0,0,0,0,0,0,0,0,0]",2025-07-26,"Video, Video Carousel",informational,Organic,1
chatgpt无限卡cloudflare验证你是真人,6.技术问题,🔥高流量,16,260,4,9,0.0,https://chatgptboke.com/human-verification-is-always-required-when-using-chatgpt.html,5.99,0.0,0.0,20,"[0,0,1,0,0,1,0,0,0,0,0,100]",2025-07-25,"People also ask, Related searches",informational,Organic,4
一直验证是否真人,6.技术问题,🔥高流量,11,1300,13,17,0.0,https://chatgptboke.com/human-verification-is-always-required-when-using-chatgpt.html,4.11,0.0,0.0,64,"[100,0,0,0]",2025-08-13,"Image pack, Related searches",informational,Organic,13
chatgpt一直验证真人,6.技术问题,🔥高流量,11,140,3,13,0.0,https://chatgptboke.com/human-verification-is-always-required-when-using-chatgpt.html,4.11,0.0,0.0,35,"[6,2,16,8,1,1,1,1,1,100,0,0]",2025-08-04,"Image pack, Related searches",informational,Organic,3
cloudflare一直验证,6.技术问题,🔥高流量,10,3600,19,14,0.0,https://chatgptboke.com/human-verification-is-always-required-when-using-chatgpt.html,3.74,0.0,0.0,67,"[44,81,44,44,81,81,81,44,44,81,44,100]",2025-08-15,"Image pack, Video, Related searches","commercial, informational",Organic,19
chatgpt unable to load site vpn 解决,6.技术问题,⭐中流量,6,50,2,4,0.0,https://chatgptzh.github.io/unable-to-load-site/,1.7,0.0,0.0,42,"[0,0,100,100,14,100,14,14,14,14,14,14]",2025-07-23,"Video, Related searches",informational,Organic,2
网站一直验证真人,6.技术问题,⭐中流量,6,1300,15,15,0.0,https://chatgptboke.com/human-verification-is-always-required-when-using-chatgpt.html,2.24,0.0,0.0,68,"[100,100,0]",2025-08-13,"Image pack, Related searches",informational,Organic,15
gpt一直验证人类,6.技术问题,⭐中流量,5,260,10,6,0.0,https://chatgptboke.com/verifying-you-are-human-this-may-take-a-few-seconds.html,1.87,0.0,0.0,47,"[100,0,0,0,0,0,0,0,0,0,0,0]",2025-08-08,"Image pack, Related searches",informational,Organic,10
chatgpt验证循环,6.技术问题,⭐中流量,5,40,2,0,0.0,https://chatgptboke.com/verifying-you-are-human-this-may-take-a-few-seconds.html,1.87,0.0,0.0,478000,"[0,0,0,11,82,29,100,11,23,11,0,0]",2025-07-27,Related searches,"commercial, informational",Organic,2
chatgpt无限卡cloudflare验证你是真人,6.技术问题,⭐中流量,5,260,10,9,0.0,https://chatgptboke.com/verifying-you-are-human-this-may-take-a-few-seconds.html,1.87,0.0,0.0,20,"[0,0,1,0,0,1,0,0,0,0,0,100]",2025-07-25,"People also ask, Related searches",informational,Organic,10
chatgpt一直验证真人,6.技术问题,💡低流量,4,140,7,13,0.0,https://chatgptboke.com/verifying-you-are-human-this-may-take-a-few-seconds.html,1.49,0.0,0.0,35,"[6,2,16,8,1,1,1,1,1,100,0,0]",2025-08-04,"Image pack, Related searches",informational,Organic,7
一直验证是否真人,6.技术问题,💡低流量,3,1300,18,17,0.0,https://chatgptboke.com/verifying-you-are-human-this-may-take-a-few-seconds.html,1.12,0.0,0.0,64,"[100,0,0,0]",2025-08-13,"Image pack, Related searches",informational,Organic,18
正在验证您是否是真人这可能需要几秒钟时间,6.技术问题,💡低流量,3,140,8,18,0.0,https://chatgptboke.com/verifying-you-are-human-this-may-take-a-few-seconds.html,1.12,0.0,0.0,46,"[36,100,36,36,2,6,2,2,29,0,1,0]",2025-08-13,,informational,Organic,8
chatgpt 一直验证真人,6.技术问题,💡低流量,3,40,3,14,0.0,https://chatgptboke.com/human-verification-is-always-required-when-using-chatgpt.html,1.12,0.0,0.0,41,"[81,18,100,100,18,18,18,18,18,18,0,0]",2025-07-19,Related searches,informational,Organic,3
http error 502是什么意思,6.技术问题,💡低流量,2,210,4,17,0.0,https://chatgptboke.com/how-to-fix-chatgpt-bad-gateway.html,0.74,0.0,0.0,48,"[100,0,0,0,0,0,0,0,0,0,0]",2025-07-19,"Video, People also ask, Related searches, AI overview",informational,People also ask,4
chatgpt 一直 验证,6.技术问题,💡低流量,2,40,4,1,0.0,https://chatgptboke.com/human-verification-is-always-required-when-using-chatgpt.html,0.74,0.0,0.0,90,"[100,50,50,14,50,14,64,14,14,14,14,0]",2025-07-23,Related searches,informational,Organic,4
502 bad gateway 解決方法,6.技术问题,💡低流量,1,50,1,16,0.0,https://chatgptboke.com/how-to-fix-chatgpt-bad-gateway.html,0.37,0.0,0.0,62,"[14,100,14,78,78,14,100,14,14,7,0,0]",2025-08-12,"Featured snippet, People also ask, Related searches",informational,People also ask,1
chatgpt something went wrong 怎么 解决,6.技术问题,💡低流量,1,70,10,12,0.0,https://chatgptboke.com/chatgpt-something-went-wrong-if-this-issue-persists-please-contact-us-through-our-help-center.html,0.37,0.0,0.0,52,"[12,6,12,100,34,43,6,21,6,6,6,6]",2025-07-18,"Video, Related searches",informational,Organic,10
502 bad gateway什么意思,6.技术问题,💡低流量,1,70,1,20,0.0,https://chatgptboke.com/how-to-fix-chatgpt-bad-gateway.html,0.37,0.0,0.0,50,"[19,53,80,34,53,7,7,7,7,0,0,0]",2025-08-14,"Image pack, Featured snippet, People also ask, Related searches",informational,People also ask,1
网站一直验证真人,6.技术问题,💡低流量,1,1300,30,15,0.0,https://chatgptboke.com/verifying-you-are-human-this-may-take-a-few-seconds.html,0.37,0.0,0.0,68,"[100,100,0]",2025-08-13,"Image pack, Related searches",informational,Organic,30
chatgpt验证循环,6.技术问题,💡低流量,1,40,7,0,0.0,https://chatgptboke.com/human-verification-is-always-required-when-using-chatgpt.html,0.37,0.0,0.0,478000,"[0,0,0,11,82,29,100,11,23,11,0,0]",2025-07-27,Related searches,"commercial, informational",Organic,7
chatgpt 一直验证真人,6.技术问题,💡低流量,1,40,7,14,0.0,https://chatgptboke.com/verifying-you-are-human-this-may-take-a-few-seconds.html,0.37,0.0,0.0,41,"[81,18,100,100,18,18,18,18,18,18,0,0]",2025-07-19,Related searches,informational,Organic,7
chatgpt账号,7.账号管理,💡低流量,2,1900,26,33,0.0,https://chatgptboke.com/how-to-register-chatgpt-in-china.html,0.74,0.0,0.0,15500000,"[2,3,5,5,5,4,4,2,4,66,66,100]",2025-08-12,"Image pack, Sitelinks, Video, Related searches",commercial,Organic,26
openai 账号 被 封,7.账号管理,💡低流量,1,50,8,7,0.0,https://chatgptzh.github.io/proxy-api/,0.28,0.0,0.0,78,"[18,18,18,81,18,81,36,100,18,100,18,18]",2025-07-24,"Image pack, Video, Related searches",informational,Organic,8
chatgpt account deactivated 怎么 解决,7.账号管理,💡低流量,1,40,6,9,0.0,https://chatgptzh.github.io/openai-api-and-chatgpt-accounts-deleted-or-deactivated/,0.28,0.0,0.0,46,"[14,14,14,100,14,28,14,100,14,28,14,14]",2025-07-27,"Image pack, Video, Related searches",informational,Organic,6
chatgpt共享账号,7.账号管理,💡低流量,1,260,14,18,0.0,https://chatgptboke.com/can-chatgpt-account-and-plus-be-shared.html,0.37,0.0,0.0,1870000,"[2,4,5,7,7,5,8,1,25,100,0,1]",2025-08-12,"Video, Related searches","commercial, informational",Organic,14
chatgpt 共享账号,7.账号管理,💡低流量,1,260,14,16,0.0,https://chatgptboke.com/can-chatgpt-account-and-plus-be-shared.html,0.37,0.0,0.0,1870000,"[2,2,5,4,3,5,2,2,2,0,0,100]",2025-08-12,Related searches,"commercial, informational",Organic,14
openai 银行 卡 被 拒绝,7.账号管理,💡低流量,1,40,6,14,0.0,https://chatgptboke.com/openai-api-your-card-was-declined.html,0.37,0.0,0.0,66,"[14,14,64,14,14,64,100,14,14,14,14,14]",2025-07-28,"Image pack, Video, People also ask, Related searches",informational,Organic,6
chatgpt 3.5 turbo要钱吗,8.模型功能,💡低流量,4,170,9,10,0.0,https://chatgptboke.com/openai-chatgpt-api-price.html,1.49,0.0,0.0,95,"[100,0,0,0,0,0,0,0,0,0,0,0]",2025-07-26,"Image pack, Sitelinks, Video, Related searches",informational,Organic,9
gpt4o限制,8.模型功能,💡低流量,3,170,10,21,0.0,https://chatgptboke.com/chatgpt-plus-gpt-4-and-gpt-4o-limitations.html,1.12,0.0,0.0,70,"[100,2,1,0,0,0,0,0,0,0,0,0]",2025-07-25,"Image pack, Video, Related searches","commercial, informational",Organic,10
gpt 3.5 turbo收费标准,8.模型功能,💡低流量,2,170,12,42,0.0,https://chatgptboke.com/openai-chatgpt-api-price.html,0.74,0.0,0.0,30500,"[100,0,0,0,0,0,0,0,0,0,0,0]",2025-07-27,"Image pack, Sitelinks, Related searches",informational,Organic,12
gpt3 5 和 gpt4 的 区别,8.模型功能,💡低流量,1,50,6,0,0.0,https://chatgptboke.com/gpt-3-5-turbo-vs-gpt-4-and-gpt-4-turbo.html,0.37,0.0,0.0,58,"[100,41,52,11,11,23,100,11,0,52,11,0]",2025-07-18,"Image pack, Video",informational,Organic,6
gpt3 5 和 gpt4 的 区别,8.模型功能,💡低流量,1,50,8,0,0.0,https://chatgptboke.com/gpt35-and-gpt4.html,0.37,0.0,0.0,58,"[100,41,52,11,11,23,100,11,0,52,11,0]",2025-07-18,"Image pack, Video",informational,Organic,8
chat openai com 意外 终止 了 连接,9.其他,🔥高流量,12,50,1,0,0.0,https://chatgptzh.github.io/this-site-cant-be-reached/,3.4,0.0,0.0,20,"[64,41,52,52,52,41,41,23,11,17,11,11]",2025-08-16,"Sitelinks, Related searches","informational, transactional",Organic,1
chatgpt com 意外 终止 了 连接,9.其他,🔥高流量,12,50,1,0,0.0,https://chatgptzh.github.io/tags/ChatGPT%E6%84%8F%E5%A4%96%E7%BB%88%E6%AD%A2%E4%BA%86%E8%BF%9E%E6%8E%A5/,3.4,0.0,0.0,39,"[0,6,2,4,2,2,14,100,2,2,4,4]",2025-07-23,"Sitelinks, Related searches","informational, transactional",Organic,1
om 意外终止了,9.其他,⭐中流量,7,170,5,18,0.0,https://chatgptzh.github.io/this-site-cant-be-reached/,1.98,0.0,0.0,52000,"[100,0,0,0,0,0,0,0,0,0,0,0]",2025-07-27,"Image pack, Video, Related searches","commercial, informational",Organic,5
chat openai com 意外 终止 了 连接,9.其他,⭐中流量,6,50,2,0,0.0,https://chatgptzh.github.io/tags/ChatGPT%E6%84%8F%E5%A4%96%E7%BB%88%E6%AD%A2%E4%BA%86%E8%BF%9E%E6%8E%A5/,1.7,0.0,0.0,20,"[64,41,52,52,52,41,41,23,11,17,11,11]",2025-08-16,"Sitelinks, Related searches","informational, transactional",Organic,2
chatgpt com 意外 终止 了 连接,9.其他,⭐中流量,6,50,2,0,0.0,https://chatgptzh.github.io/this-site-cant-be-reached/,1.7,0.0,0.0,39,"[0,6,2,4,2,2,14,100,2,2,4,4]",2025-07-23,"Sitelinks, Related searches","informational, transactional",Organic,2
gpt的会话如何批量删除,9.其他,⭐中流量,6,260,8,15,0.0,https://chatgptboke.com/clear-chats.html,2.24,0.0,0.0,56,"[100,0,0,0,0,0,0,0,0,0,0]",2025-07-18,"Image pack, Related searches","commercial, informational",Organic,8
gtp 总是要自己点继续怎么解决,9.其他,⭐中流量,5,170,6,2,0.0,https://chatgptboke.com/human-verification-is-always-required-when-using-chatgpt.html,1.87,0.0,0.0,93,"[100,0,0,0,0,0,0,0,0,0,0,0]",2025-08-15,Image pack,informational,Organic,6
chatgpt ios 点击不了,9.其他,💡低流量,4,170,4,14,0.0,https://chatgptzh.github.io/continue-no-response/,1.13,0.0,0.0,82,"[100,0,0,0,0,0,0,0,0,0,0,0]",2025-07-26,"Video, Video Carousel",informational,Organic,4
似乎 chat openai com 关闭 了 连接,9.其他,💡低流量,3,50,4,0,0.0,https://chatgptzh.github.io/issues-when-using-chatpgt-in-china/,0.85,0.0,0.0,21,"[11,11,23,11,82,100,11,11,11,41,11,11]",2025-07-25,Related searches,"commercial, informational",Organic,4
已标记为滥用,9.其他,💡低流量,3,170,10,15,0.0,https://chatgptzh.github.io/your-account-was-flagged-for-potential-abuse/,0.85,0.0,0.0,1530000,"[100,0,0,0,0,0,0,0,0,0,0,0]",2025-07-28,"Image pack, Reviews",informational,Organic,10
手机端chatgpt,9.其他,💡低流量,3,40,3,29,0.0,https://chatgptzh.github.io/app/,0.85,0.0,0.0,6680000,"[100,19,19,19,19,19,9,9,0,0,0,0]",2025-08-07,"Video, Related searches","commercial, informational",Organic,3
chatgpt无法上传图片,9.其他,💡低流量,3,1000,9,28,0.0,https://chatgptboke.com/cannot-upload-file-or-pic-to-chatgpt.html,1.12,0.0,0.0,80,"[82,0,0,100,65,0,0]",2025-08-09,"Image pack, Image, People also ask, Related searches",informational,Image pack,9
chatgpt无法上传图片,9.其他,💡低流量,3,1000,9,28,0.0,https://chatgptboke.com/file-upload-failing-for-chatgpt-users.html,1.12,0.0,0.0,80,"[82,0,0,100,65,0,0]",2025-08-09,"Image pack, Image, People also ask, Related searches",informational,Image pack,9
chatgpt中文官网,9.其他,💡低流量,2,1900,30,46,0.0,https://chatgptzh.github.io/,0.56,0.0,0.0,4360000,"[8,8,13,19,15,28,24,28,13,100,66,43]",2025-08-15,"Image pack, Video, Related searches",informational,Organic,30
chatgpt 无法 访问 此 网站,9.其他,💡低流量,2,50,5,9,0.0,https://chatgptzh.github.io/this-site-cant-be-reached/,0.56,0.0,0.0,86,"[100,14,28,100,64,28,14,28,28,14,14,14]",2025-07-23,"Image pack, Video, People also ask, Related searches","commercial, informational",Organic,5
chatgpt中文,9.其他,💡低流量,2,1900,26,41,0.0,https://chatgptzh.github.io/,0.56,0.0,0.0,181000000,"[8,6,6,19,12,4,5,3,4,6,36,29]",2025-08-10,"Image pack, Video, Related searches","informational, transactional",Organic,26
中国 大陆 如何 使用 chatgpt,9.其他,💡低流量,2,70,7,32,0.0,https://chatgptboke.com/how-to-register-chatgpt-in-china.html,0.74,0.0,0.0,98,"[11,100,11,11,82,11,52,82,41,11,11,11]",2025-07-20,"Image pack, Video, People also ask, Related searches","commercial, informational",Organic,7
chatgpt 怎么 设置 中文,9.其他,💡低流量,2,40,4,11,0.0,https://chatgptboke.com/chatgpt-how-to-change-language-to-chinese.html,0.74,0.0,0.0,87,"[18,100,100,36,36,18,18,18,18,100,18,18]",2025-07-23,"Instant answer, Image pack, Sitelinks, Video, Featured snippet, Related searches",informational,Organic,4
国外手机号chatgpt,9.其他,💡低流量,1,50,7,9,0.0,https://chatgptzh.github.io/how-to-register-a-chatgpt-account-in-china/,0.28,0.0,0.0,1570000,"[19,19,19,100,19,19,9,9,9,9,4,4]",2025-08-07,"Image pack, Sitelinks, Video, Related searches","commercial, informational",Organic,7
chatgpt 中文 官網,9.其他,💡低流量,1,720,27,35,0.19,https://chatgptzh.github.io/,0.28,0.0,0.05,1090000,"[36,30,36,67,67,100,67,67,45,45,45,24]",2025-08-10,"Video, Related searches",informational,Organic,27
openai 官网 打 不 开,9.其他,💡低流量,1,50,7,6,0.0,https://chatgptzh.github.io/this-site-cant-be-reached/,0.28,0.0,0.0,89,"[11,23,11,100,11,23,64,11,82,11,11,11]",2025-07-24,"Image pack, Sitelinks, Related searches",informational,Organic,7
gpt 用 不了,9.其他,💡低流量,1,50,10,6,0.0,https://chatgptzh.github.io/issues-when-using-chatpgt-in-china/,0.28,0.0,0.0,77,"[11,11,11,100,11,11,11,11,82,64,11,11]",2025-07-23,"Image pack, Video, Related searches","commercial, informational",Organic,10
国内 怎么 用 chatgpt,9.其他,💡低流量,1,40,6,23,0.0,https://chatgptboke.com/how-to-register-chatgpt-in-china.html,0.37,0.0,0.01,11800000,"[80,9,19,9,9,9,19,9,19,9,9,9]",2025-07-25,"Image pack, Video, Related searches","commercial, informational",Organic,6
中国 如何 使用 chatgpt,9.其他,💡低流量,1,40,6,29,0.0,https://chatgptboke.com/how-to-register-chatgpt-in-china.html,0.37,0.0,0.0,14000000,"[14,14,28,14,64,14,14,14,14,100,14,14]",2025-07-29,"Sitelinks, Video, Related searches","commercial, informational",Organic,6
gpt 是 什麼,9.其他,💡低流量,1,1900,27,36,0.0,https://chatgptboke.com/what-is-gpt-and-chatgpt.html,0.37,0.0,0.0,79100000,"[0,0,7,36,0,0,0,5,5,3,100,29]",2025-08-10,"Knowledge panel, Image pack, Video, People also ask, Related searches, See results about",informational,Organic,27
如何 在 国内 使用 chatgpt,9.其他,💡低流量,1,40,5,23,0.0,https://chatgptboke.com/how-to-register-chatgpt-in-china.html,0.37,0.0,0.0,22900000,"[44,22,100,22,77,22,22,77,44,22,22,22]",2025-07-29,"Sitelinks, Video, Related searches","commercial, informational",Organic,5
中国 如何 用 chatgpt,9.其他,💡低流量,1,70,9,24,0.0,https://chatgptboke.com/how-to-register-chatgpt-in-china.html,0.37,0.0,0.0,23200000,"[11,100,11,11,52,64,100,11,23,52,11,11]",2025-07-20,"Reviews, Video, Related searches","commercial, informational",Organic,9
国内 如何 使用 chatgpt,9.其他,💡低流量,1,40,6,23,0.0,https://chatgptboke.com/how-to-register-chatgpt-in-china.html,0.37,0.0,0.0,12900000,"[18,18,36,18,100,18,18,18,100,63,18,18]",2025-07-29,"Image pack, Video, Related searches","commercial, informational",Organic,6
